source_row_id,latitude,longitude,acq_datetime,frp,confidence,historical_count,historical_frp_mean,historical_frp_max,persistence_days,industrial_distance,residential_distance,road_distance,frp_zscore,persistence_ratio,near_industrial,near_agriculture,near_forest,near_residential,near_commercial,osm_queried,label
136,7.9979,80.38068,2026-09-05 08:13:00,6.15,0,1.0,6.58,6.58,1.0,,,,,1.0,0,0,0,0,0,0,
137,7.99843,80.38423,2026-09-05 08:13:00,6.15,0,1.0,6.58,6.58,1.0,,,,,1.0,0,0,0,0,0,0,
138,8.01719,81.42326,2026-09-05 08:13:00,5.04,0,0.0,0.0,0.0,0.0,,,,,0.0,0,0,0,0,0,0,
139,8.02176,81.43032,2026-09-05 08:13:00,2.79,0,0.0,0.0,0.0,0.0,,,,,0.0,0,0,0,0,0,0,
140,8.02232,81.4341,2026-09-05 08:13:00,2.79,0,0.0,0.0,0.0,0.0,,,,,0.0,0,0,0,0,0,0,
141,8.02516,81.16928,2026-09-05 08:13:00,7.9,0,0.0,0.0,0.0,0.0,,,,,0.0,0,0,0,0,0,0,
142,8.02535,80.63208,2026-09-05 08:13:00,4.24,0,0.0,0.0,0.0,0.0,,,,,0.0,0,0,0,0,0,0,
143,8.02858,81.16877,2026-09-05 08:13:00,7.9,0,0.0,0.0,0.0,0.0,,,,,0.0,0,0,0,0,0,0,
144,8.02988,81.41364,2026-09-05 08:13:00,3.89,0,0.0,0.0,0.0,0.0,,,,,0.0,0,0,0,0,0,0,
145,8.0395,80.61161,2026-09-05 08:13:00,8.79,0,0.0,0.0,0.0,0.0,,,,,0.0,0,0,0,0,0,0,
146,8.05222,80.25206,2026-09-05 08:13:00,5.49,0,0.0,0.0,0.0,0.0,,,,,0.0,0,0,0,0,0,0,
147,8.05383,80.10401,2026-09-05 08:13:00,7.27,0,0.0,0.0,0.0,0.0,,,,,0.0,0,0,0,0,0,0,
148,8.05503,80.24802,2026-09-05 08:13:00,3.89,0,0.0,0.0,0.0,0.0,,,,,0.0,0,0,0,0,0,0,
149,8.05838,80.6455,2026-09-05 08:13:00,2.0,0,0.0,0.0,0.0,0.0,,,,,0.0,0,0,0,0,0,0,
150,8.05978,79.87353,2026-09-05 08:13:00,4.55,0,0.0,0.0,0.0,0.0,,,,,0.0,0,0,0,0,0,0,
151,8.08628,81.38984,2026-09-05 08:13:00,3.25,0,0.0,0.0,0.0,0.0,,,,,0.0,0,0,0,0,0,0,
152,8.08633,81.36668,2026-09-05 08:13:00,5.79,0,0.0,0.0,0.0,0.0,,,,,0.0,0,0,0,0,0,0,
153,8.08893,81.36685,2026-09-05 08:13:00,5.64,0,0.0,0.0,0.0,0.0,,,,,0.0,0,0,0,0,0,0,
154,8.09138,79.92904,2026-09-05 08:13:00,14.3,0,0.0,0.0,0.0,0.0,,,,,0.0,0,0,0,0,0,0,
155,8.10234,81.10136,2026-09-05 08:13:00,2.29,1,0.0,0.0,0.0,0.0,,,,,0.0,0,0,0,0,0,0,
156,8.11574,80.15222,2026-09-05 08:13:00,4.77,0,0.0,0.0,0.0,0.0,,,,,0.0,0,0,0,0,0,0,
157,8.12158,80.80904,2026-09-05 08:13:00,7.76,0,5.0,1.898,2.69,1.0,,,,13.15660029689106,1.0,0,0,0,0,0,1,
158,8.12212,80.81266,2026-09-05 08:13:00,7.76,0,5.0,1.898,2.69,1.0,,,,13.15660029689106,1.0,0,0,0,0,0,1,
159,8.12266,80.8163,2026-09-05 08:13:00,6.85,0,0.0,0.0,0.0,0.0,,,,,0.0,0,0,0,0,0,0,
160,8.12496,80.80852,2026-09-05 08:13:00,5.69,0,5.0,1.898,2.69,1.0,,,,8.5107178993195,1.0,0,0,0,0,0,1,
161,8.1255,80.81214,2026-09-05 08:13:00,5.69,0,0.0,0.0,0.0,0.0,,,,,0.0,0,0,0,0,0,0,
162,8.12604,80.81579,2026-09-05 08:13:00,4.16,0,0.0,0.0,0.0,0.0,,,,,0.0,0,0,0,0,0,0,
163,8.12778,80.54986,2026-09-05 08:13:00,2.47,0,1.0,2.51,2.51,1.0,,,,,1.0,0,0,0,0,0,0,
164,8.16122,80.68085,2026-09-05 08:13:00,5.52,0,0.0,0.0,0.0,0.0,,,,,0.0,0,0,0,0,0,0,
165,8.16176,80.68446,2026-09-05 08:13:00,6.66,0,0.0,0.0,0.0,0.0,,,,,0.0,0,0,0,0,0,0,
166,8.17138,81.07531,2026-09-05 08:13:00,2.53,0,0.0,0.0,0.0,0.0,,,,,0.0,0,0,0,0,0,0,
167,8.17441,80.63096,2026-09-05 08:13:00,2.95,0,0.0,0.0,0.0,0.0,,,,,0.0,0,0,0,0,0,0,
168,8.17748,80.58276,2026-09-05 08:13:00,9.25,0,0.0,0.0,0.0,0.0,,,,,0.0,0,0,0,0,0,0,
169,8.20892,80.69186,2026-09-05 08:13:00,2.02,0,1.0,4.09,4.09,1.0,,,,,1.0,0,0,0,0,0,0,
170,8.21024,80.58482,2026-09-05 08:13:00,8.22,0,0.0,0.0,0.0,0.0,,,,,0.0,0,0,0,0,0,0,
171,8.22299,80.97707,2026-09-05 08:13:00,2.02,1,0.0,0.0,0.0,0.0,,,,,0.0,0,0,0,0,0,0,
172,8.2587,80.32465,2026-09-05 08:13:00,5.93,0,0.0,0.0,0.0,0.0,,,,,0.0,0,0,0,0,0,0,
173,8.35222,80.17999,2026-09-05 08:13:00,1.91,0,0.0,0.0,0.0,0.0,,,,,0.0,0,0,0,0,0,0,
174,8.35447,80.55137,2026-09-05 08:13:00,3.72,0,0.0,0.0,0.0,0.0,,,,,0.0,0,0,0,0,0,0,
175,8.36094,80.59453,2026-09-05 08:13:00,1.93,0,0.0,0.0,0.0,0.0,,,,,0.0,0,0,0,0,0,0,
176,8.3665,80.20679,2026-09-05 08:13:00,6.99,0,0.0,0.0,0.0,0.0,,,,,0.0,0,0,0,0,0,0,
177,8.36862,80.22093,2026-09-05 08:13:00,3.3,0,1.0,3.25,3.25,1.0,,,,,1.0,0,0,0,0,0,0,
178,8.37896,80.17594,2026-09-05 08:13:00,22.11,0,1.0,1.57,1.57,1.0,,,,,1.0,0,0,0,0,0,0,
179,8.3856,81.01615,2026-09-05 08:13:00,6.27,0,0.0,0.0,0.0,0.0,,,,,0.0,0,0,0,0,0,0,
180,8.38724,81.02727,2026-09-05 08:13:00,6.44,0,0.0,0.0,0.0,0.0,,,,,0.0,0,0,0,0,0,0,
181,8.39266,80.28991,2026-09-05 08:13:00,7.05,0,0.0,0.0,0.0,0.0,,,,,0.0,0,0,0,0,0,0,
182,8.39913,81.03686,2026-09-05 08:13:00,6.81,0,0.0,0.0,0.0,0.0,,,,,0.0,0,0,0,0,0,0,
183,8.39956,81.06335,2026-09-05 08:13:00,4.22,0,2.0,6.705,8.74,1.0,,,,-0.8634694600730077,1.0,0,0,0,0,0,0,
184,8.40004,80.43096,2026-09-05 08:13:00,3.92,0,0.0,0.0,0.0,0.0,,,,,0.0,0,0,0,0,0,0,
185,8.4001,80.62553,2026-09-05 08:13:00,3.19,0,1.0,8.98,8.98,1.0,,,,,1.0,0,0,0,0,0,0,
186,8.4034,80.43046,2026-09-05 08:13:00,3.92,0,0.0,0.0,0.0,0.0,,,,,0.0,0,0,0,0,0,0,
187,8.42385,80.38354,2026-09-05 08:13:00,2.61,0,0.0,0.0,0.0,0.0,,,,,0.0,0,0,0,0,0,0,
188,8.42556,80.46367,2026-09-05 08:13:00,7.39,0,0.0,0.0,0.0,0.0,,,,,0.0,0,0,0,0,0,0,
189,8.42615,80.84453,2026-09-05 08:13:00,7.49,0,0.0,0.0,0.0,0.0,,,,,0.0,0,0,0,0,0,0,
190,8.42892,80.46317,2026-09-05 08:13:00,7.39,0,0.0,0.0,0.0,0.0,,,,,0.0,0,0,0,0,0,0,
191,8.42995,80.56219,2026-09-05 08:13:00,2.51,0,0.0,0.0,0.0,0.0,,,,,0.0,0,0,0,0,0,0,
192,8.43594,80.67204,2026-09-05 08:13:00,11.39,0,0.0,0.0,0.0,0.0,,,,,0.0,0,0,0,0,0,0,
193,8.44271,81.0949,2026-09-05 08:13:00,3.43,0,0.0,0.0,0.0,0.0,,,,,0.0,0,0,0,0,0,0,
194,8.44327,81.09863,2026-09-05 08:13:00,7.92,0,0.0,0.0,0.0,0.0,,,,,0.0,0,0,0,0,0,0,
195,8.44974,80.17898,2026-09-05 08:13:00,4.47,0,0.0,0.0,0.0,0.0,,,,,0.0,0,0,0,0,0,0,
196,8.4546,80.6581,2026-09-05 08:13:00,5.8,0,0.0,0.0,0.0,0.0,,,,,0.0,0,0,0,0,0,0,
197,8.46284,80.50578,2026-09-05 08:13:00,3.0,1,0.0,0.0,0.0,0.0,,,,,0.0,0,0,0,0,0,0,
198,8.46325,80.80936,2026-09-05 08:13:00,10.92,0,0.0,0.0,0.0,0.0,,,,,0.0,0,0,0,0,0,0,
199,8.46393,80.79059,2026-09-05 08:13:00,6.6,0,0.0,0.0,0.0,0.0,,,,,0.0,0,0,0,0,0,0,
200,8.46437,81.0993,2026-09-05 08:13:00,7.32,0,0.0,0.0,0.0,0.0,,,,,0.0,0,0,0,0,0,0,
201,8.47132,80.49349,2026-09-05 08:13:00,1.59,0,0.0,0.0,0.0,0.0,,,,,0.0,0,0,0,0,0,0,
202,8.47204,80.65918,2026-09-05 08:13:00,3.54,0,0.0,0.0,0.0,0.0,,,,,0.0,0,0,0,0,0,0,
203,8.47329,80.8303,2026-09-05 08:13:00,6.05,0,1.0,9.47,9.47,1.0,,,,,1.0,0,0,0,0,0,0,
204,8.47468,80.49299,2026-09-05 08:13:00,1.59,0,0.0,0.0,0.0,0.0,,,,,0.0,0,0,0,0,0,0,
205,8.47522,80.49657,2026-09-05 08:13:00,2.37,0,0.0,0.0,0.0,0.0,,,,,0.0,0,0,0,0,0,0,
206,8.47708,80.76251,2026-09-05 08:13:00,4.67,0,0.0,0.0,0.0,0.0,,,,,0.0,0,0,0,0,0,0,
207,8.47913,80.79951,2026-09-05 08:13:00,3.7,0,0.0,0.0,0.0,0.0,,,,,0.0,0,0,0,0,0,0,
208,8.48008,80.82928,2026-09-05 08:13:00,3.04,0,2.0,8.105,9.47,1.0,,,,-2.6238064811061266,1.0,0,0,0,0,0,0,
209,8.48063,80.83294,2026-09-05 08:13:00,3.04,0,2.0,8.105,9.47,1.0,,,,-2.6238064811061266,1.0,0,0,0,0,0,0,
210,8.48482,80.79119,2026-09-05 08:13:00,4.38,0,0.0,0.0,0.0,0.0,,,,,0.0,0,0,0,0,0,0,
211,8.48918,80.82043,2026-09-05 08:13:00,6.89,0,1.0,11.16,11.16,1.0,,,,,1.0,0,0,0,0,0,0,
212,8.49118,80.76411,2026-09-05 08:13:00,5.13,1,0.0,0.0,0.0,0.0,,,,,0.0,0,0,0,0,0,0,
213,8.49469,80.74122,2026-09-05 08:13:00,8.76,0,0.0,0.0,0.0,0.0,,,,,0.0,0,0,0,0,0,0,
214,8.49523,80.74486,2026-09-05 08:13:00,12.18,0,0.0,0.0,0.0,0.0,,,,,0.0,0,0,0,0,0,0,
215,8.49961,80.21492,2026-09-05 08:13:00,3.06,1,0.0,0.0,0.0,0.0,,,,,0.0,0,0,0,0,0,0,
216,8.50354,80.66186,2026-09-05 08:13:00,4.53,0,0.0,0.0,0.0,0.0,,,,,0.0,0,0,0,0,0,0,
217,8.50431,80.62106,2026-09-05 08:13:00,2.91,0,0.0,0.0,0.0,0.0,,,,,0.0,0,0,0,0,0,0,
218,8.50867,80.7652,2026-09-05 08:13:00,3.84,0,0.0,0.0,0.0,0.0,,,,,0.0,0,0,0,0,0,0,
219,8.51206,80.76469,2026-09-05 08:13:00,3.0,0,1.0,2.0,2.0,1.0,,,,,1.0,0,0,0,0,0,0,
220,8.51689,80.82001,2026-09-05 08:13:00,5.01,0,0.0,0.0,0.0,0.0,,,,,0.0,0,0,0,0,0,0,
221,8.52262,80.27681,2026-09-05 08:13:00,4.82,0,0.0,0.0,0.0,0.0,,,,,0.0,0,0,0,0,0,0,
222,8.52282,80.41543,2026-09-05 08:13:00,15.94,0,0.0,0.0,0.0,0.0,,,,,0.0,0,0,0,0,0,0,
223,8.53777,80.77148,2026-09-05 08:13:00,3.59,0,0.0,0.0,0.0,0.0,,,,,0.0,0,0,0,0,0,0,
224,8.53882,80.85044,2026-09-05 08:13:00,4.79,0,0.0,0.0,0.0,0.0,,,,,0.0,0,0,0,0,0,0,
225,8.54884,80.63599,2026-09-05 08:13:00,2.2,0,0.0,0.0,0.0,0.0,,,,,0.0,0,0,0,0,0,0,
226,8.54917,80.75482,2026-09-05 08:13:00,10.97,0,0.0,0.0,0.0,0.0,,,,,0.0,0,0,0,0,0,0,
227,8.55502,80.72415,2026-09-05 08:13:00,5.26,0,0.0,0.0,0.0,0.0,,,,,0.0,0,0,0,0,0,0,
228,8.55556,80.72779,2026-09-05 08:13:00,4.63,0,0.0,0.0,0.0,0.0,,,,,0.0,0,0,0,0,0,0,
229,8.56221,80.65617,2026-09-05 08:13:00,6.85,0,0.0,0.0,0.0,0.0,,,,,0.0,0,0,0,0,0,0,
230,8.56501,80.8385,2026-09-05 08:13:00,4.76,0,0.0,0.0,0.0,0.0,,,,,0.0,0,0,0,0,0,0,
231,8.566,80.589,2026-09-05 08:13:00,5.11,1,1.0,4.19,4.19,1.0,,,,,1.0,0,0,0,0,0,0,
232,8.56992,80.77787,2026-09-05 08:13:00,7.86,0,1.0,6.43,6.43,1.0,,,,,1.0,0,0,0,0,0,0,
233,8.58073,80.36644,2026-09-05 08:13:00,3.71,0,0.0,0.0,0.0,0.0,,,,,0.0,0,0,0,0,0,0,
234,8.58355,80.36236,2026-09-05 08:13:00,3.71,0,0.0,0.0,0.0,0.0,,,,,0.0,0,0,0,0,0,0,
235,8.58409,80.36593,2026-09-05 08:13:00,3.71,0,0.0,0.0,0.0,0.0,,,,,0.0,0,0,0,0,0,0,
236,8.59053,80.52262,2026-09-05 08:13:00,3.17,0,0.0,0.0,0.0,0.0,,,,,0.0,0,0,0,0,0,0,
237,8.59385,80.63658,2026-09-05 08:13:00,3.56,1,0.0,0.0,0.0,0.0,,,,,0.0,0,0,0,0,0,0,
238,8.6058,80.83237,2026-09-05 08:13:00,7.64,0,0.0,0.0,0.0,0.0,,,,,0.0,0,0,0,0,0,0,
239,8.60616,80.9755,2026-09-05 08:13:00,3.01,1,0.0,0.0,0.0,0.0,,,,,0.0,0,0,0,0,0,0,
240,8.60958,80.975,2026-09-05 08:13:00,5.7,0,0.0,0.0,0.0,0.0,,,,,0.0,0,0,0,0,0,0,
241,8.61067,80.48598,2026-09-05 08:13:00,3.91,0,0.0,0.0,0.0,0.0,,,,,0.0,0,0,0,0,0,0,
242,8.6112,80.48957,2026-09-05 08:13:00,14.4,0,0.0,0.0,0.0,0.0,,,,,0.0,0,0,0,0,0,0,
243,8.62532,81.01054,2026-09-05 08:13:00,5.17,0,1.0,5.65,5.65,1.0,,,,,1.0,0,0,0,0,0,0,
244,8.62896,80.51635,2026-09-05 08:13:00,4.29,0,0.0,0.0,0.0,0.0,,,,,0.0,0,0,0,0,0,0,
245,8.6293,81.01375,2026-09-05 08:13:00,4.46,0,1.0,5.65,5.65,1.0,,,,,1.0,0,0,0,0,0,0,
246,8.6294,80.99097,2026-09-05 08:13:00,6.7,0,0.0,0.0,0.0,0.0,,,,,0.0,0,0,0,0,0,0,
247,8.6295,80.51996,2026-09-05 08:13:00,4.29,0,0.0,0.0,0.0,0.0,,,,,0.0,0,0,0,0,0,0,
248,8.62985,81.01746,2026-09-05 08:13:00,4.34,0,0.0,0.0,0.0,0.0,,,,,0.0,0,0,0,0,0,0,
249,8.63106,81.0021,2026-09-05 08:13:00,2.32,0,1.0,5.65,5.65,1.0,,,,,1.0,0,0,0,0,0,0,
250,8.63271,81.01324,2026-09-05 08:13:00,4.46,0,1.0,5.65,5.65,1.0,,,,,1.0,0,0,0,0,0,0,
251,8.63327,81.01696,2026-09-05 08:13:00,4.34,0,0.0,0.0,0.0,0.0,,,,,0.0,0,0,0,0,0,0,
252,8.63503,81.0053,2026-09-05 08:13:00,4.32,0,1.0,5.52,5.52,1.0,,,,,1.0,0,0,0,0,0,0,
253,8.64641,80.33406,2026-09-05 08:13:00,3.67,0,0.0,0.0,0.0,0.0,,,,,0.0,0,0,0,0,0,0,
254,8.65036,80.87457,2026-09-05 08:13:00,4.64,0,0.0,0.0,0.0,0.0,,,,,0.0,0,0,0,0,0,0,
255,8.65211,80.86302,2026-09-05 08:13:00,7.2,0,0.0,0.0,0.0,0.0,,,,,0.0,0,0,0,0,0,0,
256,8.65376,80.87405,2026-09-05 08:13:00,4.64,0,0.0,0.0,0.0,0.0,,,,,0.0,0,0,0,0,0,0,
257,8.65415,81.06326,2026-09-05 08:13:00,2.47,0,0.0,0.0,0.0,0.0,,,,,0.0,0,0,0,0,0,0,
258,8.6632,80.51487,2026-09-05 08:13:00,17.0,0,2.0,9.905,11.33,1.0,,,,3.520647447381443,1.0,0,0,0,0,0,0,
259,8.66455,80.47787,2026-09-05 08:13:00,4.69,0,0.0,0.0,0.0,0.0,,,,,0.0,0,0,0,0,0,0,
260,8.67016,80.84117,2026-09-05 08:13:00,8.18,0,0.0,0.0,0.0,0.0,,,,,0.0,0,0,0,0,0,0,
261,8.67071,80.84486,2026-09-05 08:13:00,22.92,0,0.0,0.0,0.0,0.0,,,,,0.0,0,0,0,0,0,0,
262,8.67411,80.84435,2026-09-05 08:13:00,22.92,0,0.0,0.0,0.0,0.0,,,,,0.0,0,0,0,0,0,0,
263,8.67725,80.70167,2026-09-05 08:13:00,3.66,0,0.0,0.0,0.0,0.0,,,,,0.0,0,0,0,0,0,0,
264,8.68765,80.35707,2026-09-05 08:13:00,14.63,0,0.0,0.0,0.0,0.0,,,,,0.0,0,0,0,0,0,0,
265,8.69047,80.353,2026-09-05 08:13:00,14.63,0,6.0,13.336666666666668,24.8,3.0,,,,0.124075295928065,0.062,0,0,0,0,0,0,
266,8.69101,80.35657,2026-09-05 08:13:00,14.63,0,0.0,0.0,0.0,0.0,,,,,0.0,0,0,0,0,0,0,
267,8.69288,81.01921,2026-09-05 08:13:00,6.12,0,1.0,4.45,4.45,1.0,,,,,1.0,0,0,0,0,0,0,
268,8.69343,81.02293,2026-09-05 08:13:00,8.56,0,1.0,4.45,4.45,1.0,,,,,1.0,0,0,0,0,0,0,
269,8.69478,80.7962,2026-09-05 08:13:00,6.67,0,0.0,0.0,0.0,0.0,,,,,0.0,0,0,0,0,0,0,
270,8.6963,81.01871,2026-09-05 08:13:00,14.61,0,0.0,0.0,0.0,0.0,,,,,0.0,0,0,0,0,0,0,
271,8.69685,81.02242,2026-09-05 08:13:00,34.68,0,0.0,0.0,0.0,0.0,,,,,0.0,0,0,0,0,0,0,
272,8.69899,80.28534,2026-09-05 08:13:00,2.41,1,0.0,0.0,0.0,0.0,,,,,0.0,0,0,0,0,0,0,
273,8.70245,81.13233,2026-09-05 08:13:00,3.03,0,0.0,0.0,0.0,0.0,,,,,0.0,0,0,0,0,0,0,
274,8.70351,80.85501,2026-09-05 08:13:00,6.71,0,1.0,7.89,7.89,1.0,,,,,1.0,0,0,0,0,0,0,
275,8.70406,80.85869,2026-09-05 08:13:00,6.71,0,1.0,7.89,7.89,1.0,,,,,1.0,0,0,0,0,0,0,
276,8.72964,80.96056,2026-09-05 08:13:00,3.93,0,0.0,0.0,0.0,0.0,,,,,0.0,0,0,0,0,0,0,
277,8.74935,80.53083,2026-09-05 08:13:00,7.94,0,0.0,0.0,0.0,0.0,,,,,0.0,0,0,0,0,0,0,
278,8.75043,80.53805,2026-09-05 08:13:00,4.26,0,0.0,0.0,0.0,0.0,,,,,0.0,0,0,0,0,0,0,
279,8.75096,80.54166,2026-09-05 08:13:00,4.52,0,0.0,0.0,0.0,0.0,,,,,0.0,0,0,0,0,0,0,
280,8.75219,80.52672,2026-09-05 08:13:00,1.71,0,0.0,0.0,0.0,0.0,,,,,0.0,0,0,0,0,0,0,
281,8.75273,80.53033,2026-09-05 08:13:00,1.71,0,0.0,0.0,0.0,0.0,,,,,0.0,0,0,0,0,0,0,
282,8.76241,78.10452,2026-09-05 08:13:00,2.68,1,0.0,0.0,0.0,0.0,,,,,0.0,0,0,0,0,0,0,
283,8.76995,80.10387,2026-09-05 08:13:00,4.48,0,0.0,0.0,0.0,0.0,,,,,0.0,0,0,0,0,0,0,
284,8.79525,80.56088,2026-09-05 08:13:00,4.55,0,0.0,0.0,0.0,0.0,,,,,0.0,0,0,0,0,0,0,
285,8.7973,80.39112,2026-09-05 08:13:00,5.15,0,0.0,0.0,0.0,0.0,,,,,0.0,0,0,0,0,0,0,
286,8.79784,80.39472,2026-09-05 08:13:00,6.19,0,0.0,0.0,0.0,0.0,,,,,0.0,0,0,0,0,0,0,
287,8.80806,80.99785,2026-09-05 08:13:00,9.27,0,0.0,0.0,0.0,0.0,,,,,0.0,0,0,0,0,0,0,
288,8.8086,81.00157,2026-09-05 08:13:00,9.27,2,0.0,0.0,0.0,0.0,,,,,0.0,0,0,0,0,0,0,
289,8.81116,80.85354,2026-09-05 08:13:00,4.45,0,1.0,2.95,2.95,1.0,,,,,1.0,0,0,0,0,0,0,
290,8.81148,80.57696,2026-09-05 08:13:00,6.13,0,0.0,0.0,0.0,0.0,,,,,0.0,0,0,0,0,0,0,
291,8.81203,81.00107,2026-09-05 08:13:00,9.27,0,0.0,0.0,0.0,0.0,,,,,0.0,0,0,0,0,0,0,
292,8.8223,80.99955,2026-09-05 08:13:00,5.32,0,0.0,0.0,0.0,0.0,,,,,0.0,0,0,0,0,0,0,
293,8.83201,80.99429,2026-09-05 08:13:00,3.73,0,0.0,0.0,0.0,0.0,,,,,0.0,0,0,0,0,0,0,
294,8.83324,80.86153,2026-09-05 08:13:00,3.26,1,0.0,0.0,0.0,0.0,,,,,0.0,0,0,0,0,0,0,
295,8.83489,80.47026,2026-09-05 08:13:00,5.31,0,0.0,0.0,0.0,0.0,,,,,0.0,0,0,0,0,0,0,
296,8.83842,80.44763,2026-09-05 08:13:00,4.07,0,0.0,0.0,0.0,0.0,,,,,0.0,0,0,0,0,0,0,
297,8.85021,80.74253,2026-09-05 08:13:00,7.86,0,0.0,0.0,0.0,0.0,,,,,0.0,0,0,0,0,0,0,
298,8.85206,80.33175,2026-09-05 08:13:00,13.35,0,0.0,0.0,0.0,0.0,,,,,0.0,0,0,0,0,0,0,
299,8.85361,80.74201,2026-09-05 08:13:00,14.2,0,0.0,0.0,0.0,0.0,,,,,0.0,0,0,0,0,0,0,
300,8.8651,80.74441,2026-09-05 08:13:00,2.97,0,0.0,0.0,0.0,0.0,,,,,0.0,0,0,0,0,0,0,
301,8.88087,80.66352,2026-09-05 08:13:00,6.01,1,0.0,0.0,0.0,0.0,,,,,0.0,0,0,0,0,0,0,
302,8.88978,80.86481,2026-09-05 08:13:00,4.77,0,0.0,0.0,0.0,0.0,,,,,0.0,0,0,0,0,0,0,
303,8.91298,80.88026,2026-09-05 08:13:00,19.97,0,0.0,0.0,0.0,0.0,,,,,0.0,0,0,0,0,0,1,
304,8.91352,80.88396,2026-09-05 08:13:00,10.26,0,0.0,0.0,0.0,0.0,,,,,0.0,0,0,0,0,0,1,
305,8.91912,80.68765,2026-09-05 08:13:00,9.06,0,1.0,5.85,5.85,1.0,,,,,1.0,0,0,0,0,0,0,
306,8.91925,80.87554,2026-09-05 08:13:00,4.03,0,0.0,0.0,0.0,0.0,,,,,0.0,0,0,0,0,0,0,
307,8.92369,80.78816,2026-09-05 08:13:00,1.96,0,0.0,0.0,0.0,0.0,,,,,0.0,0,0,0,0,0,0,
308,8.92709,80.78766,2026-09-05 08:13:00,4.77,0,0.0,0.0,0.0,0.0,,,,,0.0,0,0,0,0,0,0,
309,8.94015,80.78194,2026-09-05 08:13:00,6.32,0,0.0,0.0,0.0,0.0,,,,,0.0,0,0,0,0,0,0,
310,8.943,80.77776,2026-09-05 08:13:00,5.79,0,0.0,0.0,0.0,0.0,,,,,0.0,0,0,0,0,0,0,
311,8.94302,80.8947,2026-09-05 08:13:00,5.07,0,0.0,0.0,0.0,0.0,,,,,0.0,0,0,0,0,0,0,
312,8.94314,80.37978,2026-09-05 08:13:00,5.81,0,1.0,2.58,2.58,1.0,,,,,1.0,0,0,0,0,0,0,
313,8.94355,80.78143,2026-09-05 08:13:00,6.32,0,0.0,0.0,0.0,0.0,,,,,0.0,0,0,0,0,0,0,
314,8.95551,80.76838,2026-09-05 08:13:00,4.13,0,0.0,0.0,0.0,0.0,,,,,0.0,0,0,0,0,0,0,
315,8.95918,80.58051,2026-09-05 08:13:00,20.83,0,0.0,0.0,0.0,0.0,,,,,0.0,0,1,0,0,0,1,
316,8.96129,80.87682,2026-09-05 08:13:00,4.8,0,0.0,0.0,0.0,0.0,,,,,0.0,0,0,0,0,0,0,
317,8.96636,80.88741,2026-09-05 08:13:00,4.81,0,0.0,0.0,0.0,0.0,,,,,0.0,0,0,0,0,0,0,
318,8.99586,80.6644,2026-09-05 08:13:00,10.73,0,0.0,0.0,0.0,0.0,,,,,0.0,0,0,0,0,0,0,
319,9.00062,80.81387,2026-09-05 08:13:00,5.24,0,0.0,0.0,0.0,0.0,,,,,0.0,0,0,0,0,0,0,
320,9.04103,80.44921,2026-09-05 08:13:00,5.52,1,1.0,19.68,19.68,1.0,,,,,1.0,0,0,0,0,0,0,
321,9.07612,80.40704,2026-09-05 08:13:00,2.15,0,0.0,0.0,0.0,0.0,,,,,0.0,0,0,0,0,0,0,
322,9.07853,80.46942,2026-09-05 08:13:00,3.71,0,1.0,1.79,1.79,1.0,,,,,1.0,0,0,0,0,0,0,
323,9.21617,80.32276,2026-09-05 08:13:00,2.46,0,0.0,0.0,0.0,0.0,,,,,0.0,0,0,0,0,0,0,
324,9.22275,80.66697,2026-09-05 08:13:00,3.32,0,0.0,0.0,0.0,0.0,,,,,0.0,0,0,0,0,0,0,
325,9.30931,78.79927,2026-09-05 08:13:00,4.62,0,0.0,0.0,0.0,0.0,,,,,0.0,0,0,0,0,0,0,
326,9.33446,77.69536,2026-09-05 08:13:00,7.2,0,0.0,0.0,0.0,0.0,,,,,0.0,0,0,0,0,0,0,
327,9.38173,80.51563,2026-09-05 08:13:00,3.37,0,0.0,0.0,0.0,0.0,,,,,0.0,0,0,0,0,0,0,
328,9.39164,80.4658,2026-09-05 08:13:00,3.04,0,0.0,0.0,0.0,0.0,,,,,0.0,0,0,0,0,0,0,
329,9.39375,78.88885,2026-09-05 08:13:00,4.57,0,1.0,6.1,6.1,1.0,,,,,1.0,0,0,0,0,0,0,
330,9.4007,80.457,2026-09-05 08:13:00,3.23,0,0.0,0.0,0.0,0.0,,,,,0.0,0,0,0,0,0,0,
331,9.41381,80.42905,2026-09-05 08:13:00,1.79,0,0.0,0.0,0.0,0.0,,,,,0.0,0,0,0,0,0,0,
332,9.41477,80.45859,2026-09-05 08:13:00,1.4,0,0.0,0.0,0.0,0.0,,,,,0.0,0,0,0,0,0,0,
333,9.41815,80.45808,2026-09-05 08:13:00,1.08,0,0.0,0.0,0.0,0.0,,,,,0.0,0,0,0,0,0,0,
334,9.41869,80.46172,2026-09-05 08:13:00,1.47,0,0.0,0.0,0.0,0.0,,,,,0.0,0,0,0,0,0,0,
335,9.62122,77.4757,2026-09-05 08:13:00,5.38,0,0.0,0.0,0.0,0.0,,,,,0.0,0,0,0,0,0,0,
336,9.62942,80.3325,2026-09-05 08:13:00,2.0,0,0.0,0.0,0.0,0.0,,,,,0.0,0,0,0,0,0,0,
337,9.76186,79.01588,2026-09-05 08:13:00,1.74,0,0.0,0.0,0.0,0.0,,,,,0.0,0,0,0,0,0,0,
338,9.76191,80.18646,2026-09-05 08:13:00,4.1,0,0.0,0.0,0.0,0.0,,,,,0.0,0,0,0,0,0,0,
339,9.77927,80.18752,2026-09-05 08:13:00,3.52,0,1.0,4.4,4.4,1.0,,,,,1.0,0,0,0,0,0,0,
340,10.54381,79.22341,2026-09-05 08:13:00,5.35,0,0.0,0.0,0.0,0.0,,,,,0.0,0,0,0,0,0,0,
341,10.71104,79.432,2026-09-05 08:16:00,6.82,0,0.0,0.0,0.0,0.0,,,,,0.0,0,0,0,0,0,0,
342,10.79202,79.03259,2026-09-05 08:16:00,10.43,0,0.0,0.0,0.0,0.0,,,,,0.0,0,0,0,0,0,0,
343,10.82872,79.18511,2026-09-05 08:16:00,2.98,0,0.0,0.0,0.0,0.0,,,,,0.0,0,0,0,0,0,0,
344,10.83204,79.18459,2026-09-05 08:16:00,2.98,0,0.0,0.0,0.0,0.0,,,,,0.0,0,0,0,0,0,0,
345,10.85818,78.95408,2026-09-05 08:16:00,4.71,0,0.0,0.0,0.0,0.0,,,,,0.0,0,0,0,0,0,0,
346,10.87647,79.25341,2026-09-05 08:16:00,2.99,0,0.0,0.0,0.0,0.0,,,,,0.0,0,0,0,0,0,0,
347,10.92989,77.06577,2026-09-05 08:16:00,3.75,1,1.0,0.93,0.93,1.0,,,,,1.0,0,0,0,0,0,0,
348,10.98545,78.22152,2026-09-05 08:16:00,4.83,0,0.0,0.0,0.0,0.0,,,,,0.0,0,0,0,0,0,0,
349,11.00525,77.1251,2026-09-05 08:16:00,7.94,1,0.0,0.0,0.0,0.0,,,,,0.0,0,0,0,0,0,0,
350,11.48627,78.88146,2026-09-05 08:16:00,4.68,0,0.0,0.0,0.0,0.0,,,,,0.0,0,0,0,0,0,0,
351,11.57037,79.64236,2026-09-05 08:16:00,1.41,0,0.0,0.0,0.0,0.0,,,,,0.0,0,0,0,0,0,0,
352,11.81176,79.62698,2026-09-05 08:16:00,3.95,0,0.0,0.0,0.0,0.0,,,,,0.0,0,0,0,0,0,0,
353,11.85545,78.73141,2026-09-05 08:16:00,2.96,0,0.0,0.0,0.0,0.0,,,,,0.0,0,0,0,0,0,0,
354,11.89135,78.72217,2026-09-05 08:16:00,1.26,0,0.0,0.0,0.0,0.0,,,,,0.0,0,0,0,0,0,0,
355,11.96047,78.80122,2026-09-05 08:16:00,4.31,0,0.0,0.0,0.0,0.0,,,,,0.0,0,0,0,0,0,0,
356,11.96101,78.80475,2026-09-05 08:16:00,7.02,0,0.0,0.0,0.0,0.0,,,,,0.0,0,0,0,0,0,0,
357,12.09322,79.02973,2026-09-05 08:16:00,3.38,0,0.0,0.0,0.0,0.0,,,,,0.0,0,0,0,0,0,0,
358,12.80918,79.95596,2026-09-05 08:16:00,4.06,1,1.0,3.64,3.64,1.0,,,,,1.0,0,0,0,0,0,0,
359,12.83815,79.94009,2026-09-05 08:16:00,5.26,1,0.0,0.0,0.0,0.0,,,,,0.0,0,0,0,0,0,0,
360,12.85665,79.94463,2026-09-05 08:16:00,4.58,1,0.0,0.0,0.0,0.0,,,,,0.0,0,0,0,0,0,0,
361,12.86005,79.94411,2026-09-05 08:16:00,2.67,1,0.0,0.0,0.0,0.0,,,,,0.0,0,0,0,0,0,0,
362,12.87172,80.07278,2026-09-05 08:16:00,1.57,0,0.0,0.0,0.0,0.0,,,,,0.0,0,0,0,0,0,0,
363,12.93002,76.32658,2026-09-05 08:16:00,4.73,0,0.0,0.0,0.0,0.0,,,,,0.0,0,0,0,0,0,0,
364,13.14227,79.26152,2026-09-05 08:16:00,1.48,0,0.0,0.0,0.0,0.0,,,,,0.0,0,0,0,0,0,0,
365,13.29584,80.0663,2026-09-05 08:16:00,4.15,1,0.0,0.0,0.0,0.0,,,,,0.0,0,0,0,0,0,0,
366,13.29621,80.06625,2026-09-05 08:16:00,2.46,1,0.0,0.0,0.0,0.0,,,,,0.0,0,0,0,0,0,0,
367,13.66856,78.35713,2026-09-05 08:16:00,3.12,1,0.0,0.0,0.0,0.0,,,,,0.0,0,0,0,0,0,0,
368,13.88681,77.37984,2026-09-05 08:16:00,8.42,0,0.0,0.0,0.0,0.0,,,,,0.0,0,0,0,0,0,0,
369,13.98457,78.95074,2026-09-05 08:16:00,7.01,0,0.0,0.0,0.0,0.0,,,,,0.0,0,0,0,0,0,0,
370,13.9938,78.45014,2026-09-05 08:16:00,5.97,1,0.0,0.0,0.0,0.0,,,,,0.0,0,0,0,0,0,0,
371,14.07302,79.44398,2026-09-05 08:16:00,5.39,0,0.0,0.0,0.0,0.0,,,,,0.0,0,0,0,0,0,0,
372,14.21456,79.22671,2026-09-05 08:16:00,9.3,0,0.0,0.0,0.0,0.0,,,,,0.0,0,0,0,0,0,0,
373,14.2971,79.05283,2026-09-05 08:16:00,9.37,0,0.0,0.0,0.0,0.0,,,,,0.0,0,0,0,0,0,0,
374,14.46633,77.33766,2026-09-05 08:16:00,5.56,0,0.0,0.0,0.0,0.0,,,,,0.0,0,0,0,0,0,0,
375,14.52509,79.062,2026-09-05 08:16:00,4.51,0,0.0,0.0,0.0,0.0,,,,,0.0,0,0,0,0,0,0,
376,14.57245,79.93675,2026-09-05 08:16:00,12.86,0,0.0,0.0,0.0,0.0,,,,,0.0,0,0,0,0,0,0,
377,14.57326,79.93592,2026-09-05 08:16:00,6.63,0,0.0,0.0,0.0,0.0,,,,,0.0,0,0,0,0,0,0,
378,14.57383,79.93979,2026-09-05 08:16:00,6.63,0,0.0,0.0,0.0,0.0,,,,,0.0,0,0,0,0,0,0,
379,14.59007,76.56956,2026-09-05 08:16:00,2.28,1,0.0,0.0,0.0,0.0,,,,,0.0,0,0,0,0,0,0,
380,14.66624,79.76509,2026-09-05 08:16:00,3.1,0,0.0,0.0,0.0,0.0,,,,,0.0,0,0,0,0,0,0,
381,14.66658,78.99778,2026-09-05 08:16:00,3.54,0,0.0,0.0,0.0,0.0,,,,,0.0,0,0,0,0,0,0,
382,14.68695,79.73852,2026-09-05 08:16:00,6.04,0,0.0,0.0,0.0,0.0,,,,,0.0,0,0,0,0,0,0,
383,14.69037,79.738,2026-09-05 08:16:00,6.04,0,0.0,0.0,0.0,0.0,,,,,0.0,0,0,0,0,0,0,
384,14.77525,79.79544,2026-09-05 08:16:00,25.68,0,0.0,0.0,0.0,0.0,,920.5,,,0.0,0,0,0,1,0,1,
385,14.89181,79.23329,2026-09-05 08:16:00,9.19,0,0.0,0.0,0.0,0.0,,,,,0.0,0,0,0,0,0,0,
386,14.95491,75.19309,2026-09-05 08:16:00,2.89,0,0.0,0.0,0.0,0.0,,,,,0.0,0,0,0,0,0,0,
387,15.05285,77.10738,2026-09-05 08:16:00,3.63,0,0.0,0.0,0.0,0.0,,,,,0.0,0,0,0,0,0,0,
388,15.08564,77.31834,2026-09-05 08:16:00,7.62,0,0.0,0.0,0.0,0.0,,,,,0.0,0,0,0,0,0,0,
389,15.16295,78.87427,2026-09-05 08:16:00,3.6,1,0.0,0.0,0.0,0.0,,,,,0.0,0,0,0,0,0,0,
390,15.16875,76.38062,2026-09-05 08:16:00,5.59,1,10.0,1.606,5.97,7.0,252.1,,,2.5215279657193648,0.438,1,0,0,0,0,1,
391,15.17266,76.66496,2026-09-05 08:16:00,5.73,1,8.0,1.7925,4.86,6.0,,,,3.0948000303941727,0.107,0,0,0,0,0,0,
392,15.17484,76.65714,2026-09-05 08:16:00,3.25,1,8.0,1.7925,4.86,6.0,,,,1.1455672493459064,0.107,0,0,0,0,0,0,
393,15.17818,76.65657,2026-09-05 08:16:00,3.25,1,29.0,2.530689655172414,8.44,16.0,,,,0.4297956394440722,0.276,0,0,0,0,0,0,
394,15.18627,76.31717,2026-09-05 08:16:00,5.01,1,1.0,2.2,2.2,1.0,,,,,1.0,0,0,0,0,0,0,
395,15.22651,76.76752,2026-09-05 08:16:00,8.29,0,1.0,0.8,0.8,1.0,,,,,1.0,0,0,0,0,0,0,
396,15.4074,80.12518,2026-09-05 08:16:00,6.1,0,0.0,0.0,0.0,0.0,,,,,0.0,0,0,0,0,0,0,
397,15.45176,79.12704,2026-09-05 08:16:00,5.98,0,0.0,0.0,0.0,0.0,,,,,0.0,0,0,0,0,0,0,
398,15.54765,78.12994,2026-09-05 08:16:00,3.47,0,0.0,0.0,0.0,0.0,,,,,0.0,0,0,0,0,0,0,
399,15.57417,78.94083,2026-09-05 08:16:00,3.19,1,0.0,0.0,0.0,0.0,,,,,0.0,0,0,0,0,0,0,
400,15.60291,79.61507,2026-09-05 08:16:00,6.08,0,0.0,0.0,0.0,0.0,,,,,0.0,0,0,0,0,0,0,
401,15.82935,79.52122,2026-09-05 08:16:00,9.8,0,0.0,0.0,0.0,0.0,,,,,0.0,0,0,0,0,0,0,
402,15.9341,78.1999,2026-09-05 08:16:00,2.24,0,0.0,0.0,0.0,0.0,,,,,0.0,0,0,0,0,0,0,
403,15.9781,78.4109,2026-09-05 08:16:00,3.85,0,0.0,0.0,0.0,0.0,,,,,0.0,0,0,0,0,0,0,
404,16.18071,75.15405,2026-09-05 08:16:00,7.59,0,0.0,0.0,0.0,0.0,,,,,0.0,0,0,0,0,0,0,
405,16.27423,78.39685,2026-09-05 08:16:00,2.49,0,0.0,0.0,0.0,0.0,,,,,0.0,0,0,0,0,0,0,
406,16.27654,80.32413,2026-09-05 08:16:00,4.93,0,0.0,0.0,0.0,0.0,,,,,0.0,0,0,0,0,0,0,
407,16.46479,79.59985,2026-09-05 08:16:00,3.25,0,0.0,0.0,0.0,0.0,,,,,0.0,0,0,0,0,0,0,
408,16.49307,79.94553,2026-09-05 08:16:00,5.38,0,0.0,0.0,0.0,0.0,,,,,0.0,0,0,0,0,0,0,
409,16.51543,78.36472,2026-09-05 08:16:00,3.19,0,0.0,0.0,0.0,0.0,,,,,0.0,0,0,0,0,0,0,
410,16.59789,77.40491,2026-09-05 08:16:00,7.02,0,0.0,0.0,0.0,0.0,,,,,0.0,0,0,0,0,0,0,
411,16.8774,79.9932,2026-09-05 08:16:00,3.15,0,0.0,0.0,0.0,0.0,,,,,0.0,0,0,0,0,0,0,
412,17.07409,78.59189,2026-09-05 08:16:00,3.91,0,0.0,0.0,0.0,0.0,,,,,0.0,0,0,0,0,0,0,
413,17.75859,75.82333,2026-09-05 08:16:00,6.23,1,0.0,0.0,0.0,0.0,,,,,0.0,0,0,0,0,0,0,
414,19.02065,72.89297,2026-09-05 08:18:00,4.9,1,0.0,0.0,0.0,0.0,,,,,0.0,0,0,0,0,0,0,
415,19.09782,82.1674,2026-09-05 08:18:00,6.04,0,10.0,1.6350000000000002,2.41,5.0,49.6,,,8.547983480886382,0.085,1,0,0,0,0,1,
416,19.10191,82.16685,2026-09-05 08:18:00,4.75,0,10.0,1.6350000000000002,2.41,5.0,49.6,,,6.044714765711936,0.085,1,0,0,0,0,1,
417,20.86472,84.9909,2026-09-05 08:18:00,6.34,0,13.0,2.730769230769231,5.16,8.0,,,,3.040446889637897,0.216,0,0,0,0,0,0,
418,20.96047,85.18738,2026-09-05 08:18:00,3.52,0,9.0,2.0677777777777777,8.4,6.0,,,,0.5988446242304213,0.162,0,0,0,0,0,0,
419,20.9636,85.16774,2026-09-05 08:18:00,6.38,0,8.0,2.86375,7.94,6.0,,,,1.5432460828946253,0.128,0,0,0,0,0,0,
420,20.96741,85.15464,2026-09-05 08:18:00,4.32,0,1.0,0.74,0.74,1.0,,,,,1.0,0,0,0,0,0,0,
421,20.96937,85.17357,2026-09-05 08:18:00,4.26,0,23.0,2.6769565217391302,8.43,8.0,,,,0.8022736584185894,0.211,0,0,0,0,0,0,
422,20.9697,85.17672,2026-09-05 08:18:00,4.26,0,17.0,2.751176470588235,9.11,7.0,,,,0.7085739616405247,0.117,0,0,0,0,0,0,
423,20.97448,85.17305,2026-09-05 08:18:00,3.48,0,23.0,2.6769565217391302,8.43,8.0,,,,0.4069759536114076,0.211,0,0,0,0,0,0,
424,21.10671,72.64536,2026-09-05 08:18:00,7.04,0,25.0,6.1408000000000005,42.02,18.0,,,,0.1065761236683403,0.305,0,0,0,0,0,0,
425,21.7415,83.84051,2026-09-05 08:18:00,5.4,0,14.0,3.3428571428571425,5.71,7.0,,,,1.3924014796105493,0.189,0,0,0,0,0,0,
426,21.74623,83.83998,2026-09-05 08:18:00,5.4,0,27.0,4.3566666666666665,13.51,8.0,,,,0.3356567956332224,0.216,0,0,0,0,0,0,
427,21.74681,83.84541,2026-09-05 08:18:00,13.65,0,6.0,3.62,6.71,5.0,,,,6.104606268872803,0.135,0,0,0,0,0,0,
428,21.75626,83.84433,2026-09-05 08:18:00,11.19,0,5.0,3.638,10.06,3.0,,,,1.973607295662422,0.111,0,0,0,0,0,0,
429,21.92067,83.35186,2026-09-05 08:18:00,7.73,0,10.0,2.214,3.45,5.0,804.4,1012.8,,8.400930866659817,0.122,1,0,0,1,0,1,
430,22.3772,87.27846,2026-09-05 08:18:00,6.49,0,30.0,2.945,7.49,13.0,,,,1.8078497046831024,0.361,0,0,0,0,0,0,
431,22.831,69.52864,2026-09-05 08:18:00,2.4,0,0.0,0.0,0.0,0.0,,,,,0.0,0,0,0,0,0,0,
432,23.68271,86.39385,2026-09-05 08:18:00,8.81,0,15.0,2.926,8.3,9.0,,,,2.58269052634663,0.155,0,0,0,0,0,0,
433,23.71049,86.45036,2026-09-05 08:18:00,5.0,0,24.0,2.7245833333333334,8.89,10.0,,,,0.8889649946955007,0.294,0,0,0,0,0,0,
434,23.73798,86.4348,2026-09-05 08:18:00,3.33,0,21.0,2.818095238095238,6.64,13.0,,,,0.3484743979972211,0.325,0,0,0,0,0,0,
435,23.75821,86.40292,2026-09-05 08:18:00,4.62,0,38.0,2.205,7.66,16.0,,,,1.6473419993846177,0.356,0,0,0,0,0,0,
436,23.75978,86.40414,2026-09-05 08:18:00,4.93,0,38.0,2.205,7.66,16.0,,,,1.858802048995065,0.356,0,0,0,0,0,0,
437,23.78617,85.55293,2026-09-05 08:18:00,4.76,0,12.0,1.7916666666666667,5.5,10.0,,,,2.3205581948192533,0.256,0,0,0,0,0,0,
438,27.65105,68.4608,2026-09-05 08:20:00,4.34,0,0.0,0.0,0.0,0.0,,,,,0.0,0,0,0,0,0,0,
439,30.60174,73.64675,2026-09-05 08:20:00,2.55,0,0.0,0.0,0.0,0.0,,,,,0.0,0,0,0,0,0,0,
440,31.20992,73.72583,2026-09-05 08:20:00,8.31,1,0.0,0.0,0.0,0.0,,,,,0.0,0,0,0,0,0,0,
441,31.21054,73.72984,2026-09-05 08:20:00,5.02,1,0.0,0.0,0.0,0.0,,,,,0.0,0,0,0,0,0,0,
442,31.21322,73.72516,2026-09-05 08:20:00,4.89,1,0.0,0.0,0.0,0.0,,,,,0.0,0,0,0,0,0,0,
443,31.23082,75.08361,2026-09-05 08:20:00,4.59,0,0.0,0.0,0.0,0.0,,,,,0.0,0,0,0,0,0,0,
444,31.73204,74.48511,2026-09-05 08:22:00,4.36,0,0.0,0.0,0.0,0.0,,,,,0.0,0,0,0,0,0,0,
445,34.09272,72.01049,2026-09-05 08:22:00,3.05,0,0.0,0.0,0.0,0.0,,,,,0.0,0,0,0,0,0,0,
446,34.09602,72.00973,2026-09-05 08:22:00,3.05,0,0.0,0.0,0.0,0.0,,,,,0.0,0,0,0,0,0,0,
448,20.86821,96.38884,2026-09-05 19:06:00,1.12,0,0.0,0.0,0.0,0.0,,,,,0.0,0,0,0,0,0,0,
449,22.3653,87.01733,2026-09-05 19:06:00,3.35,0,3.0,1.2966666666666666,1.6,3.0,,,,7.704214394936122,0.167,0,0,0,0,0,0,
450,22.37548,87.27741,2026-09-05 19:06:00,4.57,0,30.0,2.945,7.49,13.0,,,,0.8287040254189117,0.361,0,0,0,0,0,0,
451,22.38052,87.27566,2026-09-05 19:06:00,3.53,0,30.0,2.945,7.49,13.0,,,,0.2983334491508081,0.361,0,0,0,0,0,0,
452,23.55211,87.24216,2026-09-05 19:06:00,3.82,0,4.0,1.34,2.3,3.0,,,,3.347482017233649,0.107,0,0,0,0,0,0,
453,23.55509,87.23924,2026-09-05 19:06:00,4.18,0,14.0,3.362142857142857,6.46,6.0,,,,0.4532139461392006,0.286,0,0,0,0,0,0,
454,23.61425,86.7878,2026-09-05 19:06:00,1.33,0,9.0,1.7433333333333332,3.56,7.0,,,,-0.3965067568773895,0.2,0,0,0,0,0,0,
455,23.6648,87.15537,2026-09-05 19:06:00,1.48,0,9.0,1.6822222222222225,4.59,7.0,,,,-0.1343492965718177,0.171,0,0,0,0,0,0,
456,23.6887,87.11978,2026-09-05 19:06:00,2.7,0,16.0,1.42125,3.42,8.0,,,,1.392163795344654,0.211,0,0,0,0,0,0,
457,23.69161,87.117,2026-09-05 19:06:00,4.15,0,16.0,1.42125,3.42,8.0,,,,2.970765948423636,0.211,0,0,0,0,0,0,
458,23.69583,87.12045,2026-09-05 19:06:00,2.7,0,2.0,1.11,1.59,1.0,,,,2.3422912126804385,1.0,0,0,0,0,0,0,
459,23.69684,87.10555,2026-09-05 19:06:00,4.09,0,1.0,0.63,0.63,1.0,,,,,1.0,0,0,0,0,0,0,
460,15.12367,94.78321,2026-09-05 19:08:00,2.34,0,0.0,0.0,0.0,0.0,,,,,0.0,0,0,0,0,0,0,
461,15.1244,94.77791,2026-09-05 19:08:00,2.34,0,0.0,0.0,0.0,0.0,,,,,0.0,0,0,0,0,0,0,
462,15.12766,94.78379,2026-09-05 19:08:00,2.13,0,0.0,0.0,0.0,0.0,,,,,0.0,0,0,0,0,0,0,
463,15.12839,94.77849,2026-09-05 19:08:00,2.13,0,0.0,0.0,0.0,0.0,,,,,0.0,0,0,0,0,0,0,
464,29.47524,76.8587,2026-09-05 20:44:00,0.88,0,6.0,3.301666666666667,5.5,5.0,,,,-1.3761298675677285,0.152,0,0,0,0,0,0,
465,31.25029,76.9273,2026-09-05 20:44:00,0.57,0,4.0,0.675,1.01,4.0,,,,-0.3714632972805435,0.167,0,0,0,0,0,0,
466,32.08572,74.16138,2026-09-05 20:44:00,1.04,0,6.0,1.4216666666666666,2.73,5.0,,,,-0.4568265492373693,0.417,0,0,0,0,0,0,
467,32.10323,74.17525,2026-09-05 20:44:00,0.92,0,5.0,3.132,4.06,4.0,,,,-1.9314763085324969,0.182,0,0,0,0,0,0,
468,33.29705,71.18685,2026-09-05 20:44:00,0.8,0,11.0,1.3436363636363635,3.45,11.0,315.2,,,-0.5315620655900996,0.458,1,0,0,0,0,1,
469,33.80225,72.09641,2026-09-05 20:44:00,0.66,0,1.0,0.73,0.73,1.0,,,,,1.0,0,0,0,0,0,0,
470,35.96627,68.68471,2026-09-05 20:44:00,1.37,0,7.0,1.4728571428571429,2.19,5.0,,,,-0.2331505648085081,0.122,0,0,0,0,0,0,
471,15.02384,78.01737,2026-09-05 20:46:00,2.21,0,6.0,1.295,2.54,6.0,,,,1.1722775651228103,0.143,0,0,0,0,0,0,
472,15.07068,76.86605,2026-09-05 20:46:00,2.19,0,3.0,1.5633333333333337,1.61,3.0,233.7,,,13.89735989394596,0.333,1,0,0,0,0,1,
473,15.13741,76.7094,2026-09-05 20:46:00,1.14,0,4.0,0.7075,1.0,4.0,,,,1.4144892812989804,0.091,0,0,0,0,0,0,
474,15.16829,76.67445,2026-09-05 20:46:00,0.73,0,11.0,0.9936363636363637,1.71,8.0,,,,-0.5684069929041503,0.151,0,0,0,0,0,0,
475,15.16858,76.3791,2026-09-05 20:46:00,1.64,0,10.0,1.606,5.97,7.0,252.1,,,0.0215190639644725,0.438,1,0,0,0,0,1,
476,15.16894,76.67054,2026-09-05 20:46:00,0.73,0,11.0,0.9936363636363637,1.71,8.0,,,,-0.5684069929041503,0.151,0,0,0,0,0,0,
477,15.17135,76.38354,2026-09-05 20:46:00,0.76,0,10.0,1.606,5.97,7.0,252.1,,,-0.5354449445277566,0.438,1,0,0,0,0,1,
478,15.17255,76.69141,2026-09-05 20:46:00,2.3,0,13.0,1.576153846153846,3.3,9.0,,,,0.8123234818590885,0.17,0,0,0,0,0,0,
479,15.17453,76.67966,2026-09-05 20:46:00,1.17,0,0.0,0.0,0.0,0.0,,,,,0.0,0,0,0,0,0,0,
480,15.17463,76.78519,2026-09-05 20:46:00,2.58,0,2.0,0.8049999999999999,0.82,2.0,596.0,,,83.67430244040852,0.4,1,0,0,0,0,1,
481,15.17504,76.65553,2026-09-05 20:46:00,1.51,0,29.0,2.530689655172414,8.44,16.0,,,,-0.6098730070730843,0.276,0,0,0,0,0,0,
482,15.17519,76.67574,2026-09-05 20:46:00,1.16,0,19.0,1.9936842105263155,3.51,15.0,,,,-0.9581788737748944,0.254,0,0,0,0,0,0,
483,15.17545,77.10278,2026-09-05 20:46:00,1.48,0,17.0,1.2576470588235291,2.62,13.0,,,,0.3424386142656939,0.224,0,0,0,0,0,0,
484,15.17783,76.66007,2026-09-05 20:46:00,1.51,0,29.0,2.530689655172414,8.44,16.0,,,,-0.6098730070730843,0.276,0,0,0,0,0,0,
485,15.17849,76.65616,2026-09-05 20:46:00,1.51,0,29.0,2.530689655172414,8.44,16.0,,,,-0.6098730070730843,0.276,0,0,0,0,0,0,
486,15.17865,76.67638,2026-09-05 20:46:00,2.25,0,19.0,1.9936842105263155,3.51,15.0,,,,0.2945916108133675,0.254,0,0,0,0,0,0,
487,15.17896,77.10342,2026-09-05 20:46:00,1.47,0,17.0,1.2576470588235291,2.62,13.0,,,,0.3270379358463373,0.224,0,0,0,0,0,0,
488,15.18062,76.66463,2026-09-05 20:46:00,1.48,0,29.0,2.530689655172414,8.44,16.0,,,,-0.6277983285647595,0.276,0,0,0,0,0,0,
489,15.18342,76.66917,2026-09-05 20:46:00,1.48,0,31.0,2.076129032258065,5.17,16.0,,,,-0.5918541643127668,0.276,0,0,0,0,0,0,
490,15.18408,76.66525,2026-09-05 20:46:00,1.48,0,31.0,2.076129032258065,5.17,16.0,,,,-0.5918541643127668,0.276,0,0,0,0,0,0,
491,15.18638,76.31535,2026-09-05 20:46:00,1.39,0,1.0,2.2,2.2,1.0,,,,,1.0,0,0,0,0,0,0,
492,15.18671,76.64958,2026-09-05 20:46:00,1.58,0,0.0,0.0,0.0,0.0,,,,,0.0,0,0,0,0,0,0,
493,15.22608,76.76495,2026-09-05 20:46:00,1.06,0,4.0,1.1,1.96,4.0,,,,-0.0697580106415156,0.333,0,0,0,0,0,0,
494,15.22675,76.76101,2026-09-05 20:46:00,1.06,0,4.0,1.1,1.96,4.0,,,,-0.0697580106415156,0.333,0,0,0,0,0,0,
495,15.3005,76.22136,2026-09-05 20:46:00,0.72,0,2.0,0.605,0.69,2.0,,,,0.9566738804288588,0.2,0,0,0,0,0,0,
496,15.309,76.2541,2026-09-05 20:46:00,0.61,0,1.0,0.59,0.59,1.0,,,,,1.0,0,0,0,0,0,0,
497,15.33179,76.28551,2026-09-05 20:46:00,0.84,0,7.0,1.0814285714285714,1.19,7.0,,,,-2.7667765115398018,0.121,0,0,0,0,0,0,
498,15.3352,76.28614,2026-09-05 20:46:00,0.84,0,0.0,0.0,0.0,0.0,,,,,0.0,0,0,0,0,0,0,
499,15.65858,73.99101,2026-09-05 20:46:00,0.59,0,7.0,1.1214285714285714,1.8,5.0,,,,-1.2292031149714897,0.132,0,0,0,0,0,0,
500,15.65914,73.98743,2026-09-05 20:46:00,0.59,0,7.0,1.1214285714285714,1.8,5.0,,,,-1.2292031149714897,0.132,0,0,0,0,0,0,
501,17.13956,77.17656,2026-09-05 20:46:00,1.56,0,4.0,0.615,0.97,4.0,,,,3.5209921144032634,0.089,0,0,0,0,0,0,
502,17.14167,77.18513,2026-09-05 20:46:00,1.68,0,0.0,0.0,0.0,0.0,,,,,0.0,0,0,0,0,0,0,
503,17.60749,83.20487,2026-09-05 20:46:00,2.84,0,14.0,2.8285714285714287,5.27,11.0,,,,0.0064349214227793,0.224,0,0,0,0,0,0,
504,17.61234,83.206,2026-09-05 20:46:00,2.84,0,5.0,2.208,3.29,5.0,,,,0.5250701821045851,0.106,0,0,0,0,0,0,
505,17.95661,80.79498,2026-09-05 20:46:00,1.26,0,9.0,2.376666666666667,6.47,6.0,,,,-0.5816583670965421,0.188,0,0,0,0,0,0,
506,18.04078,74.8643,2026-09-05 20:46:00,0.83,0,0.0,0.0,0.0,0.0,,,,,0.0,0,0,0,0,0,0,
507,20.75956,85.29154,2026-09-05 20:46:00,1.38,0,5.0,2.12,2.83,3.0,,,,-1.0935098214761545,0.088,0,0,0,0,0,0,
508,20.79357,85.26019,2026-09-05 20:46:00,2.35,0,17.0,3.313529411764706,9.07,9.0,,,,-0.3952024844563429,0.15,0,0,0,0,0,0,
509,20.79505,85.25336,2026-09-05 20:46:00,4.69,0,6.0,4.7316666666666665,9.54,5.0,,,,-0.0168524244650747,0.139,0,0,0,0,0,0,
510,20.80538,85.25605,2026-09-05 20:46:00,2.3,0,2.0,1.515,1.63,2.0,,,,4.826772375925564,0.059,0,0,0,0,0,0,
511,20.86291,84.98999,2026-09-05 20:46:00,1.56,0,13.0,2.730769230769231,5.16,8.0,,,,-0.9862660200402557,0.216,0,0,0,0,0,0,
512,20.86363,84.98669,2026-09-05 20:46:00,2.97,0,13.0,2.730769230769231,5.16,8.0,,,,0.2015300474589485,0.216,0,0,0,0,0,0,
513,20.8673,84.99452,2026-09-05 20:46:00,1.56,0,9.0,2.6222222222222222,3.63,4.0,,,,-2.449380533788601,0.108,0,0,0,0,0,0,
514,20.86803,84.99112,2026-09-05 20:46:00,1.56,0,9.0,2.6222222222222222,3.63,4.0,,,,-2.449380533788601,0.108,0,0,0,0,0,0,
515,20.88534,84.98534,2026-09-05 20:46:00,1.67,0,0.0,0.0,0.0,0.0,,,,,0.0,0,0,0,0,0,0,
516,20.88604,84.98206,2026-09-05 20:46:00,1.67,0,3.0,2.03,3.33,3.0,,,,-0.3169623262772244,0.05,0,0,0,0,0,0,
517,20.95163,86.04891,2026-09-05 20:46:00,4.04,0,22.0,2.271818181818182,4.92,8.0,,,,1.7342131132369407,0.163,0,0,0,0,0,0,
518,20.9525,86.045,2026-09-05 20:46:00,4.04,0,7.0,1.9514285714285715,2.7,6.0,,,,3.4315152138107226,0.122,0,0,0,0,0,0,
519,20.95564,85.01325,2026-09-05 20:46:00,1.33,0,1.0,1.52,1.52,1.0,,,,,1.0,0,0,0,0,0,0,
520,20.95634,85.01005,2026-09-05 20:46:00,1.61,0,1.0,1.52,1.52,1.0,,,,,1.0,0,0,0,0,0,0,
521,20.96087,86.00738,2026-09-05 20:46:00,3.85,0,2.0,1.66,2.12,2.0,,,,3.366443153909868,0.041,0,0,0,0,0,0,
522,20.96112,85.18789,2026-09-05 20:46:00,1.67,0,9.0,2.0677777777777777,8.4,6.0,,,,-0.1640293614954023,0.162,0,0,0,0,0,0,
523,20.96185,85.18448,2026-09-05 20:46:00,4.52,0,6.0,1.8316666666666668,5.19,3.0,,,,1.5807664312680092,0.081,0,0,0,0,0,0,
524,20.9647,85.1712,2026-09-05 20:46:00,2.04,0,8.0,2.86375,7.94,6.0,,,,-0.361535431435321,0.128,0,0,0,0,0,0,
525,20.9654,85.16793,2026-09-05 20:46:00,2.04,0,23.0,2.6769565217391302,8.43,8.0,,,,-0.322804424494159,0.211,0,0,0,0,0,0,
526,20.96543,86.01258,2026-09-05 20:46:00,2.55,0,14.0,2.7328571428571427,7.71,6.0,,,,-0.0987281679615896,0.122,0,0,0,0,0,0,
527,20.96611,85.16463,2026-09-05 20:46:00,1.93,0,3.0,1.893333333333333,3.57,3.0,,,,0.0252445678712879,0.375,0,0,0,0,0,0,
528,20.96626,86.00883,2026-09-05 20:46:00,2.55,0,14.0,2.7328571428571427,7.71,6.0,,,,-0.0987281679615896,0.122,0,0,0,0,0,0,
529,20.96627,85.18915,2026-09-05 20:46:00,1.67,0,3.0,1.64,2.37,3.0,,,,0.0373630584758414,0.143,0,0,0,0,0,0,
530,20.96822,85.15479,2026-09-05 20:46:00,2.87,0,1.0,0.74,0.74,1.0,,,,,1.0,0,0,0,0,0,0,
531,20.96894,85.15144,2026-09-05 20:46:00,5.08,0,1.0,0.74,0.74,1.0,,,,,1.0,0,0,0,0,0,0,
532,20.96912,85.1758,2026-09-05 20:46:00,4.27,0,17.0,2.751176470588235,9.11,7.0,,,,0.713270163335608,0.117,0,0,0,0,0,0,
533,20.96983,85.17253,2026-09-05 20:46:00,2.04,0,23.0,2.6769565217391302,8.43,8.0,,,,-0.322804424494159,0.211,0,0,0,0,0,0,
534,20.97081,86.01405,2026-09-05 20:46:00,2.55,0,14.0,2.7328571428571427,7.71,6.0,,,,-0.0987281679615896,0.122,0,0,0,0,0,0,
535,20.97165,86.01027,2026-09-05 20:46:00,2.55,0,14.0,2.7328571428571427,7.71,6.0,,,,-0.0987281679615896,0.122,0,0,0,0,0,0,
536,20.97332,86.00273,2026-09-05 20:46:00,5.04,0,9.0,1.3544444444444443,2.6,5.0,,,,6.203173104215586,0.102,0,0,0,0,0,0,
537,20.97495,85.17385,2026-09-05 20:46:00,1.44,0,23.0,2.6769565217391302,8.43,8.0,,,,-0.6268795820381452,0.211,0,0,0,0,0,0,
538,20.97565,85.17059,2026-09-05 20:46:00,1.44,0,7.0,1.6614285714285713,3.04,4.0,,,,-0.2766457800856693,0.222,0,0,0,0,0,0,
539,20.97636,85.1673,2026-09-05 20:46:00,1.86,0,7.0,1.6614285714285713,3.04,4.0,,,,0.2480887963348911,0.222,0,0,0,0,0,0,
540,20.97758,85.13626,2026-09-05 20:46:00,1.68,0,4.0,3.64,8.26,4.0,,,,-0.6349440331759042,0.16,0,0,0,0,0,0,
541,20.97829,85.13296,2026-09-05 20:46:00,2.12,0,4.0,1.9025,2.63,4.0,,,,0.411164873503191,0.16,0,0,0,0,0,0,
542,20.98341,85.13425,2026-09-05 20:46:00,1.44,0,4.0,1.9025,2.63,4.0,,,,-0.8743161103228761,0.16,0,0,0,0,0,0,
543,21.00243,86.02597,2026-09-05 20:46:00,3.58,0,4.0,0.875,1.34,3.0,,,,7.384905706787096,0.143,0,0,0,0,0,0,
544,21.33674,78.97054,2026-09-05 20:46:00,1.04,0,4.0,1.065,1.64,4.0,,,,-0.055711675285515,0.111,0,0,0,0,0,0,
545,21.57817,82.02279,2026-09-05 20:46:00,1.82,0,2.0,1.05,1.36,1.0,,,,1.7563620048827149,1.0,0,0,0,0,0,0,
546,21.96996,85.3136,2026-09-05 20:46:00,1.69,0,1.0,0.61,0.61,1.0,,,,,1.0,0,0,0,0,0,0,
551,22.20868,84.86357,2026-09-05 20:46:00,3.01,0,2.0,1.58,1.66,1.0,1261.4,,,12.63953371370953,1.0,1,0,0,0,0,1,
552,22.24478,87.38964,2026-09-05 20:46:00,0.71,0,3.0,1.873333333333333,2.84,3.0,,,,-1.3081624808182597,0.091,0,0,0,0,0,0,
553,22.36147,87.01765,2026-09-05 20:46:00,1.12,0,16.0,1.446875,4.8,12.0,,,,-0.2892167362850929,0.279,0,0,0,0,0,0,
554,22.36242,87.30013,2026-09-05 20:46:00,1.39,0,6.0,2.57,3.59,5.0,,,,-1.2080124331875235,0.208,0,0,0,0,0,0,
555,22.36706,87.01907,2026-09-05 20:46:00,1.12,0,3.0,1.2966666666666666,1.6,3.0,,,,-0.6628626021617112,0.167,0,0,0,0,0,0,
556,22.36731,87.30403,2026-09-05 20:46:00,2.06,0,14.0,2.421428571428572,7.65,13.0,,,,-0.2001116883714717,0.361,0,0,0,0,0,0,
557,22.36808,87.30167,2026-09-05 20:46:00,2.1,0,14.0,2.421428571428572,7.65,13.0,,,,-0.1779649402513088,0.361,0,0,0,0,0,0,
558,22.36829,87.29976,2026-09-05 20:46:00,1.67,0,14.0,2.421428571428572,7.65,13.0,,,,-0.41604248254306,0.361,0,0,0,0,0,0,
559,22.36908,87.2974,2026-09-05 20:46:00,0.53,0,14.0,2.421428571428572,7.65,13.0,,,,-1.0472248039677023,0.361,0,0,0,0,0,0,
560,22.37874,87.28191,2026-09-05 20:46:00,1.08,0,30.0,2.945,7.49,13.0,,,,-0.9510972353269352,0.361,0,0,0,0,0,0,
561,22.37881,87.27996,2026-09-05 20:46:00,2.47,0,30.0,2.945,7.49,13.0,,,,-0.242236561276297,0.361,0,0,0,0,0,0,
562,22.37973,87.27766,2026-09-05 20:46:00,1.08,0,30.0,2.945,7.49,13.0,,,,-0.9510972353269352,0.361,0,0,0,0,0,0,
563,22.57162,85.89843,2026-09-05 20:46:00,1.39,0,6.0,2.64,4.4,5.0,,,,-1.1629039117868512,0.139,0,0,0,0,0,0,
564,22.57186,85.89901,2026-09-05 20:46:00,1.32,0,6.0,2.64,4.4,5.0,,,,-1.2280265308469147,0.139,0,0,0,0,0,0,
565,22.57237,85.89508,2026-09-05 20:46:00,1.39,0,6.0,2.64,4.4,5.0,,,,-1.1629039117868512,0.139,0,0,0,0,0,0,
566,22.5726,85.89563,2026-09-05 20:46:00,1.32,0,6.0,2.64,4.4,5.0,,,,-1.2280265308469147,0.139,0,0,0,0,0,0,
567,22.57314,85.89168,2026-09-05 20:46:00,1.6,0,2.0,1.5699999999999998,1.65,2.0,260.7,,,0.2651650429449574,0.667,1,0,0,0,0,1,
568,22.57335,85.89222,2026-09-05 20:46:00,1.64,0,2.0,1.5699999999999998,1.65,2.0,260.7,,,0.6187184335382294,0.667,1,0,0,0,0,1,
569,22.59233,85.90408,2026-09-05 20:46:00,0.78,0,3.0,1.35,1.66,2.0,,,,-2.093947321356338,0.333,0,0,0,0,0,0,
570,22.61234,85.91286,2026-09-05 20:46:00,0.63,0,3.0,0.8433333333333333,1.21,3.0,,,,-0.5922879960201206,0.079,0,0,0,0,0,0,
571,22.78704,86.20657,2026-09-05 20:46:00,2.71,0,11.0,1.071818181818182,3.0,7.0,,,,2.1530131729688287,0.25,0,0,0,0,0,0,
572,22.78784,86.20303,2026-09-05 20:46:00,2.71,0,13.0,1.75,3.88,8.0,,,,0.7344561297412867,0.195,0,0,0,0,0,0,
573,22.78863,86.19949,2026-09-05 20:46:00,1.26,0,13.0,1.75,3.88,8.0,,,,-0.3748786495554485,0.195,0,0,0,0,0,0,
574,22.78942,86.19597,2026-09-05 20:46:00,1.26,0,13.0,1.75,3.88,8.0,,,,-0.3748786495554485,0.195,0,0,0,0,0,0,
575,22.7975,86.20966,2026-09-05 20:46:00,1.44,0,4.0,2.505,6.95,4.0,,,,-0.3554617419014675,0.174,0,0,0,0,0,0,
576,22.79832,86.20602,2026-09-05 20:46:00,1.44,0,4.0,2.505,6.95,4.0,,,,-0.3554617419014675,0.174,0,0,0,0,0,0,
577,22.80193,86.09046,2026-09-05 20:46:00,2.09,0,7.0,1.7285714285714284,2.5,6.0,,,,0.7624425757515654,0.261,0,0,0,0,0,0,
578,22.87299,86.06194,2026-09-05 20:46:00,1.62,0,6.0,1.695,2.83,6.0,,,,-0.1186640532500562,0.24,0,0,0,0,0,0,
579,22.87387,86.06493,2026-09-05 20:46:00,0.9,0,6.0,1.695,2.83,6.0,,,,-1.2578389644505965,0.24,0,0,0,0,0,0,
580,22.87465,86.06137,2026-09-05 20:46:00,0.9,0,6.0,1.695,2.83,6.0,,,,-1.2578389644505965,0.24,0,0,0,0,0,0,
581,23.5474,86.53539,2026-09-05 20:46:00,0.53,0,0.0,0.0,0.0,0.0,,,,,0.0,0,0,0,0,0,0,
582,23.64866,85.44,2026-09-05 20:46:00,0.32,0,21.0,2.059047619047619,5.48,8.0,,,,-1.1813595974980915,0.2,0,0,0,0,0,0,
583,23.64934,85.43687,2026-09-05 20:46:00,0.32,0,21.0,2.059047619047619,5.48,8.0,,,,-1.1813595974980915,0.2,0,0,0,0,0,0,
584,23.65503,85.5074,2026-09-05 20:46:00,1.06,0,4.0,1.065,1.28,4.0,,,,-0.0250522466609579,0.174,0,0,0,0,0,0,
585,23.65894,85.50828,2026-09-05 20:46:00,1.23,0,4.0,1.065,1.28,4.0,,,,0.8267241398116307,0.174,0,0,0,0,0,0,
586,23.66264,87.15807,2026-09-05 20:46:00,2.21,0,9.0,1.6822222222222225,4.59,7.0,,,,0.3506369003934802,0.171,0,0,0,0,0,0,
587,23.66354,87.15416,2026-09-05 20:46:00,2.85,0,5.0,1.7,2.97,4.0,,,,1.010074612709435,0.138,0,0,0,0,0,0,
588,23.67692,86.08581,2026-09-05 20:46:00,1.1,0,23.0,2.267391304347826,7.7,10.0,,,,-0.738832094269234,0.196,0,0,0,0,0,0,
589,23.67832,86.39969,2026-09-05 20:46:00,3.47,0,34.0,2.769117647058824,9.1,11.0,,,,0.3126145407754861,0.268,0,0,0,0,0,0,
590,23.67911,86.39612,2026-09-05 20:46:00,1.9,0,34.0,2.769117647058824,9.1,11.0,,,,-0.3876525253846254,0.268,0,0,0,0,0,0,
591,23.67989,86.39262,2026-09-05 20:46:00,1.9,0,15.0,2.926,8.3,9.0,,,,-0.4503467845057177,0.155,0,0,0,0,0,0,
592,23.68052,86.094,2026-09-05 20:46:00,0.93,0,23.0,2.267391304347826,7.7,10.0,,,,-0.8464236580901914,0.196,0,0,0,0,0,0,
593,23.68354,86.3924,2026-09-05 20:46:00,4.39,0,15.0,2.926,8.3,9.0,,,,0.642600090171901,0.155,0,0,0,0,0,0,
594,23.69034,86.43555,2026-09-05 20:46:00,0.77,0,0.0,0.0,0.0,0.0,,,,,0.0,0,0,0,0,0,0,
595,23.69439,85.372,2026-09-05 20:46:00,3.4,0,6.0,1.1166666666666667,1.49,4.0,,,,7.040264414325599,0.174,0,0,0,0,0,0,
596,23.6945,85.37199,2026-09-05 20:46:00,3.98,0,6.0,1.1166666666666667,1.49,4.0,,,,8.828594353146993,0.174,0,0,0,0,0,0,
597,23.69453,86.07994,2026-09-05 20:46:00,0.75,0,1.0,1.06,1.06,1.0,,,,,1.0,0,0,0,0,0,0,
598,23.70117,86.07451,2026-09-05 20:46:00,0.77,0,4.0,4.6825,6.82,3.0,,,,-1.58481466357889,0.2,0,0,0,0,0,0,
599,23.70973,86.44808,2026-09-05 20:46:00,2.15,0,24.0,2.7245833333333334,8.89,10.0,,,,-0.2244795326286569,0.294,0,0,0,0,0,0,
600,23.71498,86.44942,2026-09-05 20:46:00,2.22,0,24.0,2.7245833333333334,8.89,10.0,,,,-0.1971317723084144,0.294,0,0,0,0,0,0,
601,23.73551,86.43227,2026-09-05 20:46:00,1.68,0,21.0,2.818095238095238,6.64,13.0,,,,-0.7747477313612637,0.325,0,0,0,0,0,0,
602,23.74075,86.43363,2026-09-05 20:46:00,1.41,0,21.0,2.818095238095238,6.64,13.0,,,,-0.9585477161653796,0.325,0,0,0,0,0,0,
603,23.75568,85.85284,2026-09-05 20:46:00,0.97,0,11.0,2.3345454545454545,5.93,8.0,,,,-0.8092604737230051,0.229,0,0,0,0,0,0,
604,23.75916,86.40092,2026-09-05 20:46:00,1.87,0,38.0,2.205,7.66,16.0,,,,-0.2285132794177419,0.356,0,0,0,0,0,0,
605,23.78521,85.55125,2026-09-05 20:46:00,0.87,0,12.0,1.7916666666666667,5.5,10.0,,,,-0.7205326680151866,0.256,0,0,0,0,0,0,
606,23.79019,85.55246,2026-09-05 20:46:00,0.87,0,12.0,1.7916666666666667,5.5,10.0,,,,-0.7205326680151866,0.256,0,0,0,0,0,0,
607,24.44885,83.0391,2026-09-05 20:46:00,0.66,0,0.0,0.0,0.0,0.0,,,,,0.0,0,0,0,0,0,0,
608,25.38617,68.58049,2026-09-05 20:46:00,1.89,0,32.0,1.7015625,3.33,26.0,625.3,294.2,,0.2338009365268848,0.448,1,0,0,1,0,1,
609,25.38985,68.5817,2026-09-05 20:46:00,1.86,0,32.0,1.7015625,3.33,26.0,625.3,294.2,,0.1965788968808138,0.448,1,0,0,1,0,1,
610,26.75865,83.20107,2026-09-05 20:46:00,1.1,0,2.0,2.065,2.97,2.0,,,,-0.7539867887790256,0.083,0,0,0,0,0,0,
611,8.12086,80.55772,2026-09-05 20:49:00,1.13,0,0.0,0.0,0.0,0.0,,,,,0.0,0,0,0,0,0,0,
612,11.6361,77.65678,2026-09-05 20:49:00,2.4,0,0.0,0.0,0.0,0.0,,,,,0.0,0,0,0,0,0,0,
613,12.62502,79.78784,2026-09-05 20:49:00,1.63,0,0.0,0.0,0.0,0.0,,,,,0.0,0,0,0,0,0,0,
614,13.16061,80.2888,2026-09-05 20:49:00,1.1,0,0.0,0.0,0.0,0.0,,,,,0.0,0,0,0,0,0,0,
615,13.16123,80.28672,2026-09-05 20:49:00,2.49,0,0.0,0.0,0.0,0.0,,,,,0.0,0,0,0,0,0,0,
616,13.16142,80.28448,2026-09-05 20:49:00,1.99,0,4.0,5.015,11.5,2.0,,,,-0.6596250470370321,0.095,0,0,0,0,0,0,
617,13.41842,75.98045,2026-09-05 20:49:00,0.73,0,0.0,0.0,0.0,0.0,,,,,0.0,0,0,0,0,0,0,
618,13.71024,79.61983,2026-09-05 20:49:00,1.7,0,6.0,1.695,3.03,6.0,,,,0.0050810541801436,0.14,0,0,0,0,0,0,
619,13.89843,76.56497,2026-09-05 20:49:00,1.25,0,2.0,0.675,0.73,2.0,,,,7.392479985132084,0.08,0,0,0,0,0,0,
620,14.15012,77.59451,2026-09-05 20:49:00,1.16,0,0.0,0.0,0.0,0.0,,,,,0.0,0,0,0,0,0,0,
621,14.15089,77.59003,2026-09-05 20:49:00,2.02,0,0.0,0.0,0.0,0.0,,,,,0.0,0,0,0,0,0,0,
622,17.60913,83.20568,2026-09-05 20:49:00,6.72,0,5.0,2.208,3.29,5.0,,,,3.74860231274666,0.106,0,0,0,0,0,0,
623,17.6949,83.24507,2026-09-05 20:49:00,3.38,0,0.0,0.0,0.0,0.0,,,,,0.0,0,0,0,0,0,0,
624,18.71578,79.54022,2026-09-05 20:49:00,1.46,0,7.0,1.3685714285714283,2.11,5.0,,,,0.1941129670627287,0.083,0,0,0,0,0,0,
625,18.72045,79.53607,2026-09-05 20:49:00,1.46,0,7.0,1.3685714285714283,2.11,5.0,,,,0.1941129670627287,0.083,0,0,0,0,0,0,
626,19.09932,82.16781,2026-09-05 20:49:00,3.2,0,10.0,1.6350000000000002,2.41,5.0,49.6,,,3.036911270734889,0.085,1,0,0,0,0,1,
627,19.10373,82.16882,2026-09-05 20:49:00,1.32,0,10.0,1.6350000000000002,2.41,5.0,49.6,,,-0.6112632909146906,0.085,1,0,0,0,0,1,
628,20.65857,78.49527,2026-09-05 20:49:00,0.7,0,0.0,0.0,0.0,0.0,,,,,0.0,0,0,0,0,0,0,
629,20.90938,71.45822,2026-09-05 20:49:00,1.45,0,9.0,1.4577777777777776,2.89,8.0,,,,-0.0100753873667175,0.163,0,0,0,0,0,0,
630,21.1028,72.63883,2026-09-05 20:49:00,4.18,0,23.0,4.44391304347826,11.1,15.0,,,,-0.0737780240028461,0.366,0,0,0,0,0,0,
631,21.10341,72.63448,2026-09-05 20:49:00,5.41,0,11.0,2.98,10.43,8.0,,,,0.7977768504296903,0.136,0,0,0,0,0,0,
632,21.10517,72.6481,2026-09-05 20:49:00,6.41,0,25.0,6.1408000000000005,42.02,18.0,,,,0.0319064640697477,0.305,0,0,0,0,0,0,
633,21.10577,72.64375,2026-09-05 20:49:00,8.99,0,19.0,3.3057894736842104,9.26,11.0,,,,2.630021967189503,0.216,0,0,0,0,0,0,
634,21.11057,72.63561,2026-09-05 20:49:00,4.62,0,19.0,3.3057894736842104,9.26,11.0,,,,0.6080708196363138,0.216,0,0,0,0,0,0,
695,8.00894,81.30312,2026-09-06 07:56:00,2.97,0,0.0,0.0,0.0,0.0,,,,,0.0,0,0,0,0,0,0,
696,8.01671,81.30602,2026-09-06 07:56:00,9.02,1,0.0,0.0,0.0,0.0,,,,,0.0,0,0,0,0,0,0,
697,8.02274,80.63313,2026-09-06 07:56:00,11.54,1,0.0,0.0,0.0,0.0,,,,,0.0,0,0,0,0,0,0,
698,8.03835,80.35418,2026-09-06 07:56:00,7.63,0,0.0,0.0,0.0,0.0,,,,,0.0,0,0,0,0,0,0,
699,8.08336,80.1761,2026-09-06 07:56:00,8.84,0,0.0,0.0,0.0,0.0,,,,,0.0,0,0,0,0,0,0,
700,8.11108,80.60191,2026-09-06 07:56:00,4.13,1,0.0,0.0,0.0,0.0,,,,,0.0,0,0,0,0,0,0,
701,8.12533,80.55049,2026-09-06 07:56:00,5.23,1,1.0,2.51,2.51,1.0,,,,,1.0,0,0,0,0,0,0,
702,8.15541,80.45531,2026-09-06 07:56:00,7.45,0,0.0,0.0,0.0,0.0,,,,,0.0,0,0,0,0,0,0,
703,8.22669,80.60183,2026-09-06 07:56:00,4.55,1,0.0,0.0,0.0,0.0,,,,,0.0,0,0,0,0,0,0,
704,8.22726,80.32596,2026-09-06 07:56:00,2.74,0,0.0,0.0,0.0,0.0,,,,,0.0,0,0,0,0,0,0,
705,8.23099,80.32535,2026-09-06 07:56:00,2.74,0,0.0,0.0,0.0,0.0,,,,,0.0,0,0,0,0,0,0,
706,8.2361,80.16422,2026-09-06 07:56:00,5.42,1,0.0,0.0,0.0,0.0,,,,,0.0,0,0,0,0,0,0,
707,8.23612,80.1665,2026-09-06 07:56:00,6.0,1,0.0,0.0,0.0,0.0,,,,,0.0,0,0,0,0,0,0,
708,8.25071,80.2575,2026-09-06 07:56:00,4.58,1,0.0,0.0,0.0,0.0,,,,,0.0,0,0,0,0,0,0,
709,8.255,80.25446,2026-09-06 07:56:00,4.7,1,0.0,0.0,0.0,0.0,,,,,0.0,0,0,0,0,0,0,
710,8.25819,80.25628,2026-09-06 07:56:00,8.63,1,0.0,0.0,0.0,0.0,,,,,0.0,0,0,0,0,0,0,
711,8.26466,80.15013,2026-09-06 07:56:00,1.55,1,0.0,0.0,0.0,0.0,,,,,0.0,0,0,0,0,0,0,
712,8.26842,80.14952,2026-09-06 07:56:00,10.91,0,0.0,0.0,0.0,0.0,,,,,0.0,0,0,0,0,0,0,
713,8.27718,81.00146,2026-09-06 07:56:00,8.12,1,0.0,0.0,0.0,0.0,,,,,0.0,0,0,0,0,0,0,
714,8.29321,80.18297,2026-09-06 07:56:00,9.1,0,0.0,0.0,0.0,0.0,,,,,0.0,0,0,0,0,0,0,
715,8.29433,80.57742,2026-09-06 07:56:00,15.45,1,0.0,0.0,0.0,0.0,,,,,0.0,0,0,0,0,0,0,
716,8.30794,81.00919,2026-09-06 07:56:00,5.61,0,0.0,0.0,0.0,0.0,,,,,0.0,0,0,0,0,0,0,
717,8.36934,80.17639,2026-09-06 07:56:00,12.84,1,0.0,0.0,0.0,0.0,,,,,0.0,0,0,0,0,0,0,
718,8.40032,80.43282,2026-09-06 07:56:00,14.49,1,0.0,0.0,0.0,0.0,,,,,0.0,0,0,0,0,0,0,
719,8.42356,80.34282,2026-09-06 07:56:00,4.74,0,0.0,0.0,0.0,0.0,,,,,0.0,0,0,0,0,0,0,
720,8.4589,80.62856,2026-09-06 07:56:00,6.95,1,0.0,0.0,0.0,0.0,,,,,0.0,0,0,0,0,0,0,
721,8.47988,80.45582,2026-09-06 07:56:00,5.17,1,1.0,6.49,6.49,1.0,,,,,1.0,0,0,0,0,0,0,
722,8.48052,80.82955,2026-09-06 07:56:00,12.26,1,2.0,8.105,9.47,1.0,,,,2.1524019603150943,1.0,0,0,0,0,0,0,
723,8.48561,80.74661,2026-09-06 07:56:00,6.65,1,0.0,0.0,0.0,0.0,,,,,0.0,0,0,0,0,0,0,
724,8.4977,80.24945,2026-09-06 07:56:00,15.55,0,1.0,8.17,8.17,1.0,,,,,1.0,0,0,0,0,0,0,
725,8.50583,80.82543,2026-09-06 07:56:00,15.74,1,0.0,0.0,0.0,0.0,,,,,0.0,0,0,0,0,0,0,
726,8.50974,80.18266,2026-09-06 07:56:00,23.97,1,0.0,0.0,0.0,0.0,,,,,0.0,0,0,0,0,0,1,
727,8.51251,80.54554,2026-09-06 07:56:00,3.9,1,0.0,0.0,0.0,0.0,,,,,0.0,0,0,0,0,0,0,
728,8.51295,80.54437,2026-09-06 07:56:00,3.69,0,0.0,0.0,0.0,0.0,,,,,0.0,0,0,0,0,0,0,
729,8.51461,80.60179,2026-09-06 07:56:00,13.37,0,0.0,0.0,0.0,0.0,,,,,0.0,0,0,0,0,0,0,
730,8.51488,80.78951,2026-09-06 07:56:00,7.49,1,0.0,0.0,0.0,0.0,,,,,0.0,0,0,0,0,0,0,
731,8.51827,80.60117,2026-09-06 07:56:00,18.88,2,2.0,6.85,6.85,1.0,,,,,1.0,0,0,0,0,0,0,
732,8.53316,80.83387,2026-09-06 07:56:00,10.43,0,1.0,4.38,4.38,1.0,,,,,1.0,0,0,0,0,0,0,
733,8.56329,80.62575,2026-09-06 07:56:00,11.53,1,2.0,5.115,7.3,2.0,,,,2.076013730577438,0.044,0,0,0,0,0,0,
734,8.5646,80.74776,2026-09-06 07:56:00,40.67,1,0.0,0.0,0.0,0.0,,,,,0.0,0,1,0,0,0,1,
735,8.60105,80.55779,2026-09-06 07:56:00,17.5,1,0.0,0.0,0.0,0.0,,,,,0.0,0,0,0,0,0,0,
736,8.61943,80.69527,2026-09-06 07:56:00,7.65,1,0.0,0.0,0.0,0.0,,,,,0.0,0,0,0,0,0,0,
737,8.62829,80.68075,2026-09-06 07:56:00,8.73,1,0.0,0.0,0.0,0.0,,,,,0.0,0,0,0,0,0,0,
738,8.63712,80.64507,2026-09-06 07:56:00,5.86,1,0.0,0.0,0.0,0.0,,,,,0.0,0,0,0,0,0,0,
739,8.63741,80.64435,2026-09-06 07:56:00,4.35,1,0.0,0.0,0.0,0.0,,,,,0.0,0,0,0,0,0,0,
740,8.64313,78.06151,2026-09-06 07:56:00,3.63,0,0.0,0.0,0.0,0.0,,,,,0.0,0,0,0,0,0,0,
741,8.64496,78.06096,2026-09-06 07:56:00,3.84,0,0.0,0.0,0.0,0.0,,,,,0.0,0,0,0,0,0,0,
742,8.64888,80.62563,2026-09-06 07:56:00,6.18,1,1.0,3.45,3.45,1.0,,,,,1.0,0,0,0,0,0,0,
743,8.65905,80.50457,2026-09-06 07:56:00,10.58,0,1.0,5.56,5.56,1.0,,,,,1.0,0,0,0,0,0,0,
744,8.69569,77.7998,2026-09-06 07:56:00,12.9,0,0.0,0.0,0.0,0.0,,,,,0.0,0,0,0,0,0,0,
745,8.69938,80.40393,2026-09-06 07:56:00,6.06,0,0.0,0.0,0.0,0.0,,,,,0.0,0,0,0,0,0,0,
746,8.74934,80.53089,2026-09-06 07:56:00,11.42,1,0.0,0.0,0.0,0.0,,,,,0.0,0,0,0,0,0,0,
747,8.75005,80.53522,2026-09-06 07:56:00,16.54,1,0.0,0.0,0.0,0.0,,,,,0.0,0,0,0,0,0,0,
748,8.75129,77.44485,2026-09-06 07:56:00,6.9,0,0.0,0.0,0.0,0.0,,,,,0.0,0,0,0,0,0,0,
749,8.78857,80.56424,2026-09-06 07:56:00,5.45,0,0.0,0.0,0.0,0.0,,,,,0.0,0,0,0,0,0,0,
750,8.7964,80.58931,2026-09-06 07:56:00,7.92,0,0.0,0.0,0.0,0.0,,,,,0.0,0,0,0,0,0,0,
751,8.89297,80.58804,2026-09-06 07:56:00,11.58,1,0.0,0.0,0.0,0.0,,,,,0.0,0,0,0,0,0,0,
752,8.89856,80.87868,2026-09-06 07:56:00,4.45,0,0.0,0.0,0.0,0.0,,,,,0.0,0,0,0,0,0,0,
753,8.89988,80.87962,2026-09-06 07:56:00,5.99,1,0.0,0.0,0.0,0.0,,,,,0.0,0,0,0,0,0,0,
754,8.91521,80.44745,2026-09-06 07:56:00,6.67,0,0.0,0.0,0.0,0.0,,,,,0.0,0,0,0,0,0,0,
755,8.92181,80.53501,2026-09-06 07:56:00,7.21,1,0.0,0.0,0.0,0.0,,,,,0.0,0,0,0,0,0,0,
756,8.94726,80.80805,2026-09-06 07:56:00,4.81,1,0.0,0.0,0.0,0.0,,,,,0.0,0,0,0,0,0,0,
757,8.95371,80.87083,2026-09-06 07:56:00,4.19,0,0.0,0.0,0.0,0.0,,,,,0.0,0,0,0,0,0,0,
758,8.97766,80.79027,2026-09-06 07:56:00,10.07,1,0.0,0.0,0.0,0.0,,,,,0.0,0,0,0,0,0,0,
759,8.99992,80.78308,2026-09-06 07:56:00,7.0,0,1.0,9.1,9.1,1.0,,,,,1.0,0,0,0,0,0,0,
760,9.21651,80.32494,2026-09-06 07:56:00,8.53,1,0.0,0.0,0.0,0.0,,,,,0.0,0,0,0,0,0,0,
761,9.23311,78.75137,2026-09-06 07:56:00,2.59,0,0.0,0.0,0.0,0.0,,,,,0.0,0,0,0,0,0,0,
762,9.37995,80.32283,2026-09-06 07:56:00,8.4,0,0.0,0.0,0.0,0.0,,,,,0.0,0,0,0,0,0,0,
763,9.38268,80.52093,2026-09-06 07:56:00,7.72,1,0.0,0.0,0.0,0.0,,,,,0.0,0,0,0,0,0,0,
764,9.69221,77.82102,2026-09-06 07:56:00,4.64,0,0.0,0.0,0.0,0.0,,,,,0.0,0,0,0,0,0,0,
765,9.78295,77.51691,2026-09-06 07:56:00,10.03,0,0.0,0.0,0.0,0.0,,,,,0.0,0,0,0,0,0,0,
766,11.19149,79.82079,2026-09-06 07:56:00,6.32,0,0.0,0.0,0.0,0.0,,,,,0.0,0,0,0,0,0,0,
767,11.73491,76.77407,2026-09-06 07:56:00,6.41,0,0.0,0.0,0.0,0.0,,,,,0.0,0,0,0,0,0,0,
768,14.64825,75.44234,2026-09-06 07:58:00,4.6,0,0.0,0.0,0.0,0.0,,,,,0.0,0,0,0,0,0,0,
769,14.76573,77.04627,2026-09-06 07:58:00,5.72,0,0.0,0.0,0.0,0.0,,,,,0.0,0,0,0,0,0,0,
770,14.90104,77.50089,2026-09-06 07:58:00,7.0,0,0.0,0.0,0.0,0.0,,,,,0.0,0,0,0,0,0,0,
771,15.08584,77.31924,2026-09-06 07:58:00,7.01,0,0.0,0.0,0.0,0.0,,,,,0.0,0,0,0,0,0,0,
772,15.17639,76.65804,2026-09-06 07:58:00,4.81,1,29.0,2.530689655172414,8.44,16.0,,,,1.3619123570111775,0.276,0,0,0,0,0,0,
773,15.18268,76.66901,2026-09-06 07:58:00,4.48,0,31.0,2.076129032258065,5.17,16.0,,,,2.3866327015469366,0.276,0,0,0,0,0,0,
774,17.24984,78.81324,2026-09-06 07:58:00,4.69,0,0.0,0.0,0.0,0.0,,,,,0.0,0,0,0,0,0,0,
775,17.31903,82.25283,2026-09-06 07:58:00,3.74,0,0.0,0.0,0.0,0.0,,,,,0.0,0,0,0,0,0,0,
776,17.6088,83.20451,2026-09-06 07:58:00,4.73,0,14.0,2.8285714285714287,5.27,11.0,,,,1.0706100517149422,0.224,0,0,0,0,0,0,
777,18.31238,82.37919,2026-09-06 07:58:00,2.64,0,0.0,0.0,0.0,0.0,,,,,0.0,0,0,0,0,0,0,
778,18.70286,72.34399,2026-09-06 07:58:00,1.7,0,0.0,0.0,0.0,0.0,,,,,0.0,0,0,0,0,0,0,
779,19.33445,83.43093,2026-09-06 07:58:00,3.33,0,0.0,0.0,0.0,0.0,,,,,0.0,0,0,0,0,0,0,
780,20.53382,85.9104,2026-09-06 07:58:00,7.0,0,0.0,0.0,0.0,0.0,,,,,0.0,0,0,0,0,0,0,
781,20.96956,86.01638,2026-09-06 07:58:00,7.92,0,4.0,0.89,1.01,2.0,1069.9,,,50.73465490503837,0.125,1,0,0,0,0,1,
782,21.10245,72.63563,2026-09-06 08:01:00,7.51,0,23.0,4.44391304347826,11.1,15.0,,,,0.8571377681516832,0.366,0,0,0,0,0,0,
783,21.10482,72.64702,2026-09-06 08:01:00,6.89,0,7.0,3.47,7.57,7.0,,,,1.5813236107468025,0.121,0,0,0,0,0,0,
784,22.35737,82.30364,2026-09-06 08:01:00,7.02,0,19.0,2.906842105263158,7.52,6.0,,,,2.688835944593548,0.14,0,0,0,0,0,0,
785,22.36074,82.30308,2026-09-06 08:01:00,4.18,0,19.0,2.906842105263158,7.52,6.0,,,,0.8322833205338185,0.14,0,0,0,0,0,0,
786,22.78975,86.19833,2026-09-06 08:01:00,4.84,0,13.0,1.75,3.88,8.0,,,,2.3640306676047667,0.195,0,0,0,0,0,0,
787,23.63325,70.43996,2026-09-06 08:01:00,4.13,0,0.0,0.0,0.0,0.0,,,,,0.0,0,0,0,0,0,0,
788,24.1597,82.56544,2026-09-06 08:01:00,3.44,0,1.0,0.96,0.96,1.0,,,,,1.0,0,0,0,0,0,0,
789,25.70847,73.58088,2026-09-06 08:01:00,2.5,0,0.0,0.0,0.0,0.0,,,,,0.0,0,0,0,0,0,0,
790,26.63973,72.26364,2026-09-06 08:03:00,3.86,0,0.0,0.0,0.0,0.0,,,,,0.0,0,0,0,0,0,0,
791,27.64392,69.48135,2026-09-06 08:03:00,2.23,0,0.0,0.0,0.0,0.0,,,,,0.0,0,0,0,0,0,0,
792,27.9254,69.84502,2026-09-06 08:03:00,2.71,0,0.0,0.0,0.0,0.0,,,,,0.0,0,0,0,0,0,0,
793,27.92614,69.84824,2026-09-06 08:03:00,2.71,0,0.0,0.0,0.0,0.0,,,,,0.0,0,0,0,0,0,0,
794,30.8377,72.16951,2026-09-06 08:03:00,2.38,0,0.0,0.0,0.0,0.0,,,,,0.0,0,0,0,0,0,0,
795,31.20359,72.1606,2026-09-06 08:03:00,1.24,1,0.0,0.0,0.0,0.0,,,,,0.0,0,0,0,0,0,0,
803,28.34537,77.22824,2026-09-06 20:25:00,1.68,0,1.0,1.97,1.97,1.0,,,,,1.0,0,0,0,0,0,0,
804,29.47619,76.85919,2026-09-06 20:25:00,2.08,0,6.0,3.301666666666667,5.5,5.0,,,,-0.6942210550083586,0.152,0,0,0,0,0,0,
805,29.47667,76.85507,2026-09-06 20:25:00,2.08,0,6.0,3.301666666666667,5.5,5.0,,,,-0.6942210550083586,0.152,0,0,0,0,0,0,
806,32.57378,72.56132,2026-09-06 20:25:00,1.3,0,3.0,3.7566666666666655,4.1,3.0,572.0,1066.7,,-4.662409655228985,0.429,1,0,0,1,0,1,
807,33.68644,72.71115,2026-09-06 20:25:00,0.76,0,8.0,1.9275,3.42,8.0,,,,-1.0912270244236466,0.133,0,0,0,0,0,0,
808,17.60352,83.2003,2026-09-06 20:27:00,1.62,0,5.0,2.158,3.28,4.0,,,,-0.6864121280867501,0.085,0,0,0,0,0,0,
809,17.60715,83.201,2026-09-06 20:27:00,2.44,0,14.0,2.8285714285714287,5.27,11.0,,,,-0.2187873283745036,0.224,0,0,0,0,0,0,
810,17.61002,83.20612,2026-09-06 20:27:00,2.1,0,5.0,2.208,3.29,5.0,,,,-0.0897271830178722,0.106,0,0,0,0,0,0,
811,17.95553,80.79343,2026-09-06 20:27:00,1.46,0,9.0,2.376666666666667,6.47,6.0,,,,-0.4774807491091017,0.188,0,0,0,0,0,0,
812,17.95826,80.7977,2026-09-06 20:27:00,0.6,0,7.0,2.878571428571429,5.73,7.0,,,,-1.5950789583627067,0.304,0,0,0,0,0,0,
813,17.95887,80.79402,2026-09-06 20:27:00,0.76,0,9.0,2.376666666666667,6.47,6.0,,,,-0.8421024120651429,0.188,0,0,0,0,0,0,
814,18.71518,79.53973,2026-09-06 20:27:00,1.5,0,7.0,1.3685714285714283,2.11,5.0,,,,0.2790373901526727,0.083,0,0,0,0,0,0,
815,18.71906,79.53666,2026-09-06 20:27:00,1.7,0,7.0,1.3685714285714283,2.11,5.0,,,,0.7036595056023918,0.083,0,0,0,0,0,0,
816,18.72028,79.507,2026-09-06 20:27:00,2.51,0,0.0,0.0,0.0,0.0,,,,,0.0,0,0,0,0,0,0,
817,19.09155,82.1703,2026-09-06 20:27:00,1.04,0,2.0,1.215,1.22,1.0,,,,-24.74873734152884,1.0,0,0,0,0,0,0,
818,19.09906,82.16767,2026-09-06 20:27:00,3.86,0,10.0,1.6350000000000002,2.41,5.0,49.6,,,4.317653404079954,0.085,1,0,0,0,0,1,
819,19.10248,82.16832,2026-09-06 20:27:00,1.76,0,10.0,1.6350000000000002,2.41,5.0,49.6,,,0.2425647979820195,0.085,1,0,0,0,0,1,
820,19.10314,82.16439,2026-09-06 20:27:00,1.34,0,1.0,2.47,2.47,1.0,,,,,1.0,0,0,0,0,0,0,
821,19.9218,79.11452,2026-09-06 20:27:00,1.9,0,1.0,0.8,0.8,1.0,,,,,1.0,0,0,0,0,0,0,
822,19.92946,79.12298,2026-09-06 20:27:00,1.38,0,1.0,0.44,0.44,1.0,,,,,1.0,0,0,0,0,0,0,
823,19.93615,73.71325,2026-09-06 20:27:00,0.58,0,4.0,1.755,2.32,3.0,,,,-1.5153618215964313,0.057,0,0,0,0,0,0,
824,19.9623,79.33501,2026-09-06 20:27:00,1.46,0,3.0,0.9033333333333332,1.08,3.0,,,,2.728190074671025,0.091,0,0,0,0,0,0,
825,20.53322,85.9088,2026-09-06 20:27:00,1.8,0,0.0,0.0,0.0,0.0,,,,,0.0,0,0,0,0,0,0,
826,20.69544,78.63868,2026-09-06 20:27:00,0.96,0,2.0,0.94,1.1,2.0,,,,0.088388347648318,0.25,0,0,0,0,0,0,
827,20.75904,85.29414,2026-09-06 20:27:00,5.01,0,5.0,2.12,2.83,3.0,,,,4.270599167656871,0.088,0,0,0,0,0,0,
828,20.78524,85.26192,2026-09-06 20:27:00,4.31,0,17.0,3.313529411764706,9.07,9.0,,,,0.4087136805061323,0.15,0,0,0,0,0,0,
829,20.79493,85.25308,2026-09-06 20:27:00,9.48,0,4.0,3.4075,6.05,3.0,,,,2.981151385852177,0.081,0,0,0,0,0,0,
830,20.86333,84.99149,2026-09-06 20:27:00,2.32,0,13.0,2.730769230769231,5.16,8.0,,,,-0.3460355155725997,0.216,0,0,0,0,0,0,
831,20.86426,84.9864,2026-09-06 20:27:00,2.23,0,13.0,2.730769230769231,5.16,8.0,,,,-0.4218522858385062,0.216,0,0,0,0,0,0,
832,20.86714,84.99224,2026-09-06 20:27:00,2.81,0,9.0,2.6222222222222222,3.63,4.0,,,,0.4329971864124201,0.108,0,0,0,0,0,0,
833,20.88511,84.98045,2026-09-06 20:27:00,1.53,0,3.0,2.03,3.33,3.0,,,,-0.4402254531628116,0.05,0,0,0,0,0,0,
834,20.8889,84.98129,2026-09-06 20:27:00,1.53,0,3.0,2.03,3.33,3.0,,,,-0.4402254531628116,0.05,0,0,0,0,0,0,
835,20.96206,86.01067,2026-09-06 20:27:00,3.82,0,2.0,1.66,2.12,2.0,,,,3.320327494267266,0.041,0,0,0,0,0,0,
836,20.96279,86.00687,2026-09-06 20:27:00,3.82,0,2.0,1.66,2.12,2.0,,,,3.320327494267266,0.041,0,0,0,0,0,0,
837,20.96609,86.0116,2026-09-06 20:27:00,3.82,0,14.0,2.7328571428571427,7.71,6.0,,,,0.5869698110841387,0.122,0,0,0,0,0,0,
838,20.97011,86.01249,2026-09-06 20:27:00,6.38,0,14.0,2.7328571428571427,7.71,6.0,,,,1.9691641625463945,0.122,0,0,0,0,0,0,
839,21.17992,81.38543,2026-09-06 20:27:00,2.37,0,7.0,2.091428571428572,3.08,5.0,,,,0.2750440155372622,0.086,0,0,0,0,0,0,
840,21.18324,81.38604,2026-09-06 20:27:00,2.37,0,7.0,2.091428571428572,3.08,5.0,,,,0.2750440155372622,0.086,0,0,0,0,0,0,
841,21.18384,81.38232,2026-09-06 20:27:00,3.03,0,5.0,2.0,2.67,5.0,,,,1.619989540114502,0.147,0,0,0,0,0,0,
842,21.18595,81.39038,2026-09-06 20:27:00,1.83,0,8.0,1.55625,2.8,4.0,,,,0.4111224103008691,0.108,0,0,0,0,0,0,
843,21.18927,81.39099,2026-09-06 20:27:00,1.83,0,8.0,1.55625,2.8,4.0,,,,0.4111224103008691,0.108,0,0,0,0,0,0,
844,21.18955,81.19997,2026-09-06 20:27:00,2.87,0,0.0,0.0,0.0,0.0,,,,,0.0,0,0,0,0,0,0,
845,21.19259,81.39162,2026-09-06 20:27:00,2.44,0,8.0,1.55625,2.8,4.0,,,,1.3272307948982387,0.108,0,0,0,0,0,0,
846,21.23326,79.63209,2026-09-06 20:27:00,0.91,0,3.0,0.6533333333333333,0.8,3.0,,,,1.4688666179042928,0.167,0,0,0,0,0,0,
847,21.24365,79.22351,2026-09-06 20:27:00,1.42,0,3.0,0.5366666666666667,0.63,2.0,,,,8.261105844648279,0.286,0,0,0,0,0,0,
848,21.24928,79.20884,2026-09-06 20:27:00,1.27,0,3.0,1.0633333333333332,1.48,3.0,,,,0.4434117543992724,0.158,0,0,0,0,0,0,
849,21.33653,78.97186,2026-09-06 20:27:00,0.7,0,4.0,1.065,1.64,4.0,,,,-0.8133904591685226,0.111,0,0,0,0,0,0,
850,21.33711,78.96799,2026-09-06 20:27:00,2.74,0,4.0,1.065,1.64,4.0,,,,3.732682244129522,0.111,0,0,0,0,0,0,
851,21.34445,81.66502,2026-09-06 20:27:00,1.06,0,0.0,0.0,0.0,0.0,,,,,0.0,0,0,0,0,0,0,
852,21.3706,81.68456,2026-09-06 20:27:00,1.17,0,3.0,1.8166666666666669,2.09,3.0,,,,-2.648109457077787,0.088,0,0,0,0,0,0,
853,21.37455,81.68143,2026-09-06 20:27:00,1.17,0,3.0,1.8166666666666669,2.09,3.0,,,,-2.648109457077787,0.088,0,0,0,0,0,0,
854,21.37517,81.67767,2026-09-06 20:27:00,1.33,0,8.0,2.085,3.46,5.0,,,,-0.8904830462416895,0.1,0,0,0,0,0,0,
855,21.37788,81.68205,2026-09-06 20:27:00,1.17,0,8.0,2.085,3.46,5.0,,,,-1.0791946851803258,0.1,0,0,0,0,0,0,
856,21.48625,81.76778,2026-09-06 20:27:00,0.75,0,3.0,1.4,1.47,2.0,,,,-7.313071356019159,0.083,0,0,0,0,0,0,
857,21.5443,81.94603,2026-09-06 20:27:00,1.19,0,0.0,0.0,0.0,0.0,,,,,0.0,0,0,0,0,0,0,
858,21.56058,81.75462,2026-09-06 20:27:00,0.75,0,1.0,1.06,1.06,1.0,,,,,1.0,0,0,0,0,0,0,
859,21.57637,82.02264,2026-09-06 20:27:00,1.55,0,2.0,1.05,1.36,1.0,,,,1.1404948083653992,1.0,0,0,0,0,0,0,
860,21.62137,81.79305,2026-09-06 20:27:00,1.71,0,1.0,0.52,0.52,1.0,,,,,1.0,0,0,0,0,0,0,
861,21.67737,84.04004,2026-09-06 20:27:00,2.33,0,6.0,3.2716666666666665,7.89,4.0,,,,-0.3949888241923054,0.098,0,0,0,0,0,0,
862,21.68095,84.04077,2026-09-06 20:27:00,2.33,0,6.0,3.2716666666666665,7.89,4.0,,,,-0.3949888241923054,0.098,0,0,0,0,0,0,
863,21.73018,82.2159,2026-09-06 20:27:00,1.13,0,1.0,2.43,2.43,1.0,,,,,1.0,0,0,0,0,0,0,
864,21.738,83.84386,2026-09-06 20:27:00,2.02,0,14.0,3.3428571428571425,5.71,7.0,,,,-0.8953915070273388,0.189,0,0,0,0,0,0,
865,21.74155,83.8446,2026-09-06 20:27:00,4.04,0,14.0,3.3428571428571425,5.71,7.0,,,,0.471869390312464,0.189,0,0,0,0,0,0,
866,21.74232,83.84026,2026-09-06 20:27:00,4.04,0,14.0,3.3428571428571425,5.71,7.0,,,,0.471869390312464,0.189,0,0,0,0,0,0,
867,21.74586,83.841,2026-09-06 20:27:00,4.04,0,27.0,4.3566666666666665,13.51,8.0,,,,-0.1018766632113613,0.216,0,0,0,0,0,0,
868,21.74865,83.84608,2026-09-06 20:27:00,4.14,0,6.0,3.62,6.71,5.0,,,,0.3164900558139439,0.135,0,0,0,0,0,0,
869,21.74941,83.84174,2026-09-06 20:27:00,4.14,0,27.0,4.3566666666666665,13.51,8.0,,,,-0.069705085355142,0.216,0,0,0,0,0,0,
870,21.75296,83.84248,2026-09-06 20:27:00,4.14,0,27.0,4.3566666666666665,13.51,8.0,,,,-0.069705085355142,0.216,0,0,0,0,0,0,
871,21.75487,83.84546,2026-09-06 20:27:00,2.29,0,6.0,3.62,6.71,5.0,,,,-0.8094841812164332,0.135,0,0,0,0,0,0,
872,21.75565,83.84112,2026-09-06 20:27:00,2.29,0,5.0,3.638,10.06,3.0,,,,-0.3522805395329639,0.111,0,0,0,0,0,0,
873,21.75631,84.02211,2026-09-06 20:27:00,2.37,0,6.0,1.0683333333333334,1.97,2.0,,,,2.671207343469325,0.167,0,0,0,0,0,0,
874,21.7565,83.84322,2026-09-06 20:27:00,3.17,0,5.0,3.638,10.06,3.0,,,,-0.1223051131316224,0.111,0,0,0,0,0,0,
875,21.7592,83.84185,2026-09-06 20:27:00,2.29,0,5.0,3.638,10.06,3.0,,,,-0.3522805395329639,0.111,0,0,0,0,0,0,
876,21.76005,83.84395,2026-09-06 20:27:00,3.17,0,5.0,3.638,10.06,3.0,,,,-0.1223051131316224,0.111,0,0,0,0,0,0,
877,21.76119,83.85125,2026-09-06 20:27:00,2.26,0,2.0,2.905,2.94,1.0,988.0,741.3,,-13.030967824723518,1.0,1,0,0,1,0,1,
878,21.76197,83.8469,2026-09-06 20:27:00,4.3,0,2.0,2.905,2.94,1.0,988.0,741.3,,28.18325599300665,1.0,1,0,0,1,0,1,
879,21.76425,84.01917,2026-09-06 20:27:00,2.08,0,6.0,1.0683333333333334,1.97,2.0,,,,2.0760856049755185,0.167,0,0,0,0,0,0,
880,21.76783,84.01991,2026-09-06 20:27:00,2.97,0,2.0,1.45,1.45,1.0,,,,,1.0,0,0,0,0,0,0,
881,21.7897,80.01763,2026-09-06 20:27:00,0.72,0,0.0,0.0,0.0,0.0,,,,,0.0,0,0,0,0,0,0,
882,21.79301,80.01822,2026-09-06 20:27:00,0.72,0,0.0,0.0,0.0,0.0,,,,,0.0,0,0,0,0,0,0,
883,21.8011,82.04027,2026-09-06 20:27:00,1.38,0,5.0,1.328,2.18,5.0,,,,0.0944487136724671,0.122,0,0,0,0,0,0,
884,21.80195,83.89095,2026-09-06 20:27:00,4.49,0,1.0,0.38,0.38,1.0,,,,,1.0,0,0,0,0,0,0,
885,21.82608,83.90034,2026-09-06 20:27:00,2.21,0,1.0,0.53,0.53,1.0,,,,,1.0,0,0,0,0,0,0,
886,21.85982,83.96837,2026-09-06 20:27:00,2.05,0,1.0,0.85,0.85,1.0,,,,,1.0,0,0,0,0,0,0,
887,21.87546,83.49538,2026-09-06 20:27:00,2.58,0,0.0,0.0,0.0,0.0,,,,,0.0,0,0,0,0,0,0,
888,21.87917,83.55689,2026-09-06 20:27:00,1.35,0,2.0,2.035,2.21,2.0,,,,-2.767817972073058,0.053,0,0,0,0,0,0,
889,21.91899,83.3492,2026-09-06 20:27:00,0.4,0,10.0,2.214,3.45,5.0,804.4,1012.8,,-2.76274267442366,0.122,1,0,0,1,0,1,
890,21.92246,83.34988,2026-09-06 20:27:00,0.49,0,10.0,2.214,3.45,5.0,804.4,1012.8,,-2.625671648680479,0.122,1,0,0,1,0,1,
891,21.9833,83.23293,2026-09-06 20:27:00,2.01,0,2.0,1.085,1.54,1.0,,,,1.4375247749396842,1.0,0,0,0,0,0,0,
892,21.98676,83.2336,2026-09-06 20:27:00,1.27,0,1.0,1.58,1.58,1.0,,,,,1.0,0,0,0,0,0,0,
893,22.00373,82.67131,2026-09-06 20:27:00,1.15,0,4.0,1.7325,1.93,4.0,,,,-2.676687832226192,0.095,0,0,0,0,0,0,
894,22.00439,82.6674,2026-09-06 20:27:00,1.15,0,4.0,1.7325,1.93,4.0,,,,-2.676687832226192,0.095,0,0,0,0,0,0,
895,22.31718,82.55957,2026-09-06 20:27:00,2.02,0,5.0,1.63,1.88,3.0,,,,2.0569093847245714,0.5,0,0,0,0,0,1,
896,22.33014,82.60641,2026-09-06 20:27:00,2.5,0,0.0,0.0,0.0,0.0,,,,,0.0,0,0,0,0,0,0,
897,22.357,82.30401,2026-09-06 20:27:00,2.32,0,19.0,2.906842105263158,7.52,6.0,,,,-0.3836279050827648,0.14,0,0,0,0,0,0,
898,22.35765,82.30017,2026-09-06 20:27:00,2.32,0,19.0,2.906842105263158,7.52,6.0,,,,-0.3836279050827648,0.14,0,0,0,0,0,0,
899,22.361,82.30081,2026-09-06 20:27:00,2.32,0,19.0,2.906842105263158,7.52,6.0,,,,-0.3836279050827648,0.14,0,0,0,0,0,0,
900,23.16375,82.34019,2026-09-06 20:27:00,2.14,0,1.0,1.72,1.72,1.0,,,,,1.0,0,0,0,0,0,0,
901,23.16438,82.33635,2026-09-06 20:27:00,2.38,0,1.0,1.72,1.72,1.0,,,,,1.0,0,0,0,0,0,0,
902,23.16645,82.34466,2026-09-06 20:27:00,1.89,0,10.0,1.341,3.73,7.0,,,,0.6013797233905672,0.241,0,0,0,0,0,0,
903,23.16709,82.34083,2026-09-06 20:27:00,1.89,0,10.0,1.341,3.73,7.0,,,,0.6013797233905672,0.241,0,0,0,0,0,0,
904,24.16126,82.56416,2026-09-06 20:27:00,1.43,0,1.0,0.96,0.96,1.0,,,,,1.0,0,0,0,0,0,0,
905,24.18234,82.64417,2026-09-06 20:27:00,0.65,0,0.0,0.0,0.0,0.0,,,,,0.0,0,0,0,0,0,0,
906,24.18309,82.66032,2026-09-06 20:27:00,0.99,0,2.0,1.065,1.21,2.0,,,,-0.3657448868206279,1.0,0,0,0,0,0,0,
907,24.19806,82.71532,2026-09-06 20:27:00,1.09,0,0.0,0.0,0.0,0.0,,,,,0.0,0,0,0,0,0,0,
908,24.2027,82.70829,2026-09-06 20:27:00,0.53,0,5.0,2.656,5.51,4.0,234.5,730.0,,-1.1946686204620158,0.571,1,0,0,1,0,1,
909,24.20604,82.70895,2026-09-06 20:27:00,0.69,0,2.0,1.905,2.57,2.0,,,,-1.29193193855888,0.154,0,0,0,0,0,0,
910,24.76391,74.60693,2026-09-06 20:27:00,2.03,0,5.0,1.01,1.26,4.0,,,,3.6510158476855774,0.143,0,0,0,0,0,0,
911,13.39207,80.103,2026-09-06 20:29:00,0.59,0,5.0,1.882,4.03,5.0,,,,-0.9366328077870932,0.152,0,0,0,0,0,0,
912,13.39294,80.0768,2026-09-06 20:29:00,0.57,0,1.0,3.43,3.43,1.0,,,,,1.0,0,0,0,0,0,0,
913,14.36157,78.78092,2026-09-06 20:29:00,2.88,0,0.0,0.0,0.0,0.0,,,,,0.0,0,0,0,0,0,0,
914,14.36213,78.77739,2026-09-06 20:29:00,2.88,0,0.0,0.0,0.0,0.0,,,,,0.0,0,0,0,0,0,0,
915,14.5861,78.58088,2026-09-06 20:29:00,0.52,0,0.0,0.0,0.0,0.0,,,,,0.0,0,0,0,0,0,0,
916,14.60554,78.52198,2026-09-06 20:29:00,1.9,0,1.0,0.67,0.67,1.0,,,,,1.0,0,0,0,0,0,0,
917,15.02173,78.0144,2026-09-06 20:29:00,2.19,0,7.0,1.43,2.22,7.0,,,,1.7895154516388052,0.14,0,0,0,0,0,0,
918,15.06937,76.86656,2026-09-06 20:29:00,0.28,0,3.0,1.5633333333333337,1.61,3.0,233.7,,,-28.460018931751048,0.333,1,0,0,0,0,1,
919,15.16716,76.37951,2026-09-06 20:29:00,2.15,0,10.0,1.606,5.97,7.0,252.1,,,0.3443050234315599,0.438,1,0,0,0,0,1,
920,15.17153,76.69308,2026-09-06 20:29:00,0.75,0,13.0,1.576153846153846,3.3,9.0,,,,-0.9271364713248256,0.17,0,0,0,0,0,0,
921,15.17216,76.66468,2026-09-06 20:29:00,1.17,0,8.0,1.7925,4.86,6.0,,,,-0.4892731476623168,0.107,0,0,0,0,0,0,
922,15.17275,76.66071,2026-09-06 20:29:00,0.93,0,8.0,1.7925,4.86,6.0,,,,-0.6779085780863425,0.107,0,0,0,0,0,0,
923,15.17334,76.65672,2026-09-06 20:29:00,0.93,0,8.0,1.7925,4.86,6.0,,,,-0.6779085780863425,0.107,0,0,0,0,0,0,
924,15.17665,77.10001,2026-09-06 20:29:00,0.27,0,17.0,1.2576470588235291,2.62,13.0,,,,-1.5210434744764547,0.224,0,0,0,0,0,0,
925,15.17682,76.65726,2026-09-06 20:29:00,1.6,0,29.0,2.530689655172414,8.44,16.0,,,,-0.5560970425980589,0.276,0,0,0,0,0,0,
926,15.17737,76.67767,2026-09-06 20:29:00,1.44,0,19.0,1.9936842105263155,3.51,15.0,,,,-0.6363662722292858,0.254,0,0,0,0,0,0,
927,15.17741,76.65328,2026-09-06 20:29:00,0.66,0,12.0,2.0075,2.93,10.0,,,,-2.543142228013992,0.172,0,0,0,0,0,0,
928,15.17796,76.6737,2026-09-06 20:29:00,1.44,0,31.0,2.076129032258065,5.17,16.0,,,,-0.6315673225242295,0.276,0,0,0,0,0,0,
929,15.18145,76.67422,2026-09-06 20:29:00,1.32,0,31.0,2.076129032258065,5.17,16.0,,,,-0.7507067971586175,0.276,0,0,0,0,0,0,
930,15.18263,76.66628,2026-09-06 20:29:00,4.01,0,31.0,2.076129032258065,5.17,16.0,,,,1.920003092562249,0.276,0,0,0,0,0,0,
931,15.18494,76.67477,2026-09-06 20:29:00,1.32,0,31.0,2.076129032258065,5.17,16.0,,,,-0.7507067971586175,0.276,0,0,0,0,0,0,
932,15.1873,76.65886,2026-09-06 20:29:00,0.98,0,2.0,2.32,2.82,2.0,,,,-1.8950461735799475,0.083,0,0,0,0,0,0,
933,15.22602,76.76505,2026-09-06 20:29:00,0.37,0,1.0,0.8,0.8,1.0,,,,,1.0,0,0,0,0,0,0,
934,15.2266,76.76109,2026-09-06 20:29:00,0.37,0,4.0,1.1,1.96,4.0,,,,-1.2730836942076595,0.333,0,0,0,0,0,0,
935,15.33194,76.28572,2026-09-06 20:29:00,1.32,0,7.0,1.0814285714285714,1.19,7.0,,,,2.7340335942434737,0.121,0,0,0,0,0,0,
936,15.33737,76.24843,2026-09-06 20:29:00,1.18,0,2.0,0.61,0.61,1.0,,,,,1.0,0,0,0,0,0,0,
937,15.65793,73.98854,2026-09-06 20:29:00,0.42,0,7.0,1.1214285714285714,1.8,5.0,,,,-1.6224159393844126,0.132,0,0,0,0,0,0,
938,16.54707,79.75684,2026-09-06 20:29:00,1.27,0,0.0,0.0,0.0,0.0,,,,,0.0,0,0,0,0,0,0,
939,17.46283,80.65475,2026-09-06 20:29:00,0.92,0,4.0,2.03,2.91,3.0,,,,-1.310637695293476,0.167,0,0,0,0,0,0,
940,17.5851,80.31999,2026-09-06 20:29:00,0.85,0,0.0,0.0,0.0,0.0,,,,,0.0,0,0,0,0,0,0,
941,18.49386,74.20312,2026-09-06 20:29:00,1.01,0,0.0,0.0,0.0,0.0,,,,,0.0,0,0,0,0,0,0,
942,18.69176,73.03945,2026-09-06 20:29:00,1.97,0,10.0,3.393,8.31,5.0,,,,-0.6805660600586869,0.227,0,0,0,0,0,0,
948,8.08521,80.78294,2026-09-06 20:32:00,1.88,0,0.0,0.0,0.0,0.0,,,,,0.0,0,0,0,0,0,0,
949,10.44463,77.50969,2026-09-06 20:32:00,0.44,0,0.0,0.0,0.0,0.0,,,,,0.0,0,0,0,0,0,0,
950,10.61761,77.42153,2026-09-06 20:32:00,0.67,0,9.0,0.5588888888888888,0.78,8.0,,,,0.5448580048393126,0.157,0,0,0,0,0,0,
951,10.90913,77.41766,2026-09-06 20:32:00,0.84,0,0.0,0.0,0.0,0.0,,,,,0.0,0,0,0,0,0,0,
952,11.72184,76.97085,2026-09-06 20:32:00,1.32,0,0.0,0.0,0.0,0.0,,,,,0.0,0,0,0,0,0,0,
953,32.28823,70.73848,2026-09-06 22:05:00,0.79,0,13.0,2.246923076923077,3.53,12.0,,,,-1.5813811612598991,0.2,0,0,0,0,0,0,
954,32.65387,70.47578,2026-09-06 22:05:00,0.33,0,0.0,0.0,0.0,0.0,,,,,0.0,0,0,0,0,0,0,
955,33.29656,71.18871,2026-09-06 22:05:00,1.15,0,11.0,1.3436363636363635,3.45,11.0,315.2,,,-0.1893356521249018,0.458,1,0,0,0,0,1,
956,33.2976,71.18477,2026-09-06 22:05:00,1.13,0,5.0,1.214,1.89,5.0,,,,-0.2064000438073611,0.119,0,0,0,0,0,0,
957,25.38699,68.58179,2026-09-06 22:08:00,1.79,0,32.0,1.7015625,3.33,26.0,625.3,294.2,,0.1097274710399808,0.448,1,0,0,1,0,1,
994,8.02418,80.36,2026-09-07 07:35:00,5.32,0,0.0,0.0,0.0,0.0,,,,,0.0,0,0,0,0,0,0,
995,8.0528,81.32001,2026-09-07 07:35:00,5.47,0,0.0,0.0,0.0,0.0,,,,,0.0,0,0,0,0,0,0,
996,8.06398,80.64025,2026-09-07 07:35:00,7.53,0,0.0,0.0,0.0,0.0,,,,,0.0,0,0,0,0,0,0,
997,8.06511,80.64231,2026-09-07 07:35:00,9.1,0,0.0,0.0,0.0,0.0,,,,,0.0,0,0,0,0,0,0,
998,8.06883,80.6097,2026-09-07 07:35:00,8.99,0,0.0,0.0,0.0,0.0,,,,,0.0,0,0,0,0,0,0,
999,8.07863,80.78094,2026-09-07 07:35:00,3.64,0,0.0,0.0,0.0,0.0,,,,,0.0,0,0,0,0,0,0,
1000,8.13118,80.02525,2026-09-07 07:35:00,5.23,0,0.0,0.0,0.0,0.0,,,,,0.0,0,0,0,0,0,0,
1001,8.13301,80.09626,2026-09-07 07:35:00,6.31,0,0.0,0.0,0.0,0.0,,,,,0.0,0,0,0,0,0,0,
1002,8.19346,80.10268,2026-09-07 07:35:00,5.18,0,0.0,0.0,0.0,0.0,,,,,0.0,0,0,0,0,0,0,
1003,8.2227,80.97877,2026-09-07 07:35:00,5.01,0,0.0,0.0,0.0,0.0,,,,,0.0,0,0,0,0,0,0,
1004,8.25063,80.33293,2026-09-07 07:35:00,3.86,0,0.0,0.0,0.0,0.0,,,,,0.0,0,0,0,0,0,0,
1005,8.26096,80.12309,2026-09-07 07:35:00,3.68,0,0.0,0.0,0.0,0.0,,,,,0.0,0,0,0,0,0,0,
1006,8.33283,80.27589,2026-09-07 07:35:00,3.14,0,0.0,0.0,0.0,0.0,,,,,0.0,0,0,0,0,0,0,
1007,8.33792,80.27499,2026-09-07 07:35:00,3.14,0,0.0,0.0,0.0,0.0,,,,,0.0,0,0,0,0,0,0,
1008,8.38897,80.20666,2026-09-07 07:35:00,3.5,0,0.0,0.0,0.0,0.0,,,,,0.0,0,0,0,0,0,0,
1009,8.3895,80.2097,2026-09-07 07:35:00,9.34,2,0.0,0.0,0.0,0.0,,,,,0.0,0,0,0,0,0,0,
1010,8.43057,80.38477,2026-09-07 07:35:00,1.88,0,0.0,0.0,0.0,0.0,,,,,0.0,0,0,0,0,0,0,
1011,8.43337,80.38214,2026-09-07 07:35:00,2.14,0,0.0,0.0,0.0,0.0,,,,,0.0,0,0,0,0,0,0,
1012,8.45209,80.22456,2026-09-07 07:35:00,2.13,0,0.0,0.0,0.0,0.0,,,,,0.0,0,0,0,0,0,0,
1013,8.46254,81.11243,2026-09-07 07:35:00,6.74,0,0.0,0.0,0.0,0.0,,,,,0.0,0,0,0,0,0,0,
1014,8.46348,81.11768,2026-09-07 07:35:00,6.74,0,0.0,0.0,0.0,0.0,,,,,0.0,0,0,0,0,0,0,
1015,8.46363,81.11488,2026-09-07 07:35:00,11.4,0,0.0,0.0,0.0,0.0,,,,,0.0,0,0,0,0,0,0,
1016,8.46464,80.49741,2026-09-07 07:35:00,5.87,0,1.0,2.89,2.89,1.0,,,,,1.0,0,0,0,0,0,0,
1017,8.48152,80.33078,2026-09-07 07:35:00,3.22,0,0.0,0.0,0.0,0.0,,,,,0.0,0,0,0,0,0,0,
1018,8.50991,80.16398,2026-09-07 07:35:00,1.9,0,0.0,0.0,0.0,0.0,,,,,0.0,0,0,0,0,0,0,
1019,8.51254,80.16476,2026-09-07 07:35:00,2.89,0,0.0,0.0,0.0,0.0,,,,,0.0,0,0,0,0,0,0,
1020,8.53558,80.43092,2026-09-07 07:35:00,4.6,0,0.0,0.0,0.0,0.0,,,,,0.0,0,0,0,0,0,0,
1021,8.55963,80.74296,2026-09-07 07:35:00,6.87,0,0.0,0.0,0.0,0.0,,,,,0.0,0,0,0,0,0,0,
1022,8.60144,80.83746,2026-09-07 07:35:00,9.32,0,0.0,0.0,0.0,0.0,,,,,0.0,0,0,0,0,0,0,
1023,8.94231,80.89068,2026-09-07 07:37:00,4.81,0,0.0,0.0,0.0,0.0,,,,,0.0,0,0,0,0,0,0,
1024,8.94396,80.88758,2026-09-07 07:37:00,10.05,0,0.0,0.0,0.0,0.0,,,,,0.0,0,0,0,0,0,0,
1025,8.9743,80.81862,2026-09-07 07:37:00,8.32,0,0.0,0.0,0.0,0.0,,,,,0.0,0,0,0,0,0,0,
1026,9.17599,77.52721,2026-09-07 07:37:00,2.66,0,0.0,0.0,0.0,0.0,,,,,0.0,0,0,0,0,0,0,
1027,9.265,80.71633,2026-09-07 07:37:00,7.59,0,0.0,0.0,0.0,0.0,,,,,0.0,0,0,0,0,0,0,
1028,9.55967,78.24466,2026-09-07 07:37:00,2.76,0,0.0,0.0,0.0,0.0,,,,,0.0,0,0,0,0,0,0,
1029,10.1291,79.13102,2026-09-07 07:37:00,5.25,0,0.0,0.0,0.0,0.0,,,,,0.0,0,0,0,0,0,0,
1030,10.65692,77.37951,2026-09-07 07:37:00,4.96,0,0.0,0.0,0.0,0.0,,,,,0.0,0,0,0,0,0,0,
1031,10.76486,79.56414,2026-09-07 07:37:00,4.29,0,0.0,0.0,0.0,0.0,,,,,0.0,0,0,0,0,0,0,
1032,12.62981,79.35361,2026-09-07 07:37:00,2.88,0,0.0,0.0,0.0,0.0,,,,,0.0,0,0,0,0,0,0,
1033,13.29172,78.11819,2026-09-07 07:37:00,2.95,1,0.0,0.0,0.0,0.0,,,,,0.0,0,0,0,0,0,0,
1034,13.33688,77.90711,2026-09-07 07:37:00,4.79,0,0.0,0.0,0.0,0.0,,,,,0.0,0,0,0,0,0,0,
1035,13.39129,78.55532,2026-09-07 07:37:00,2.84,0,0.0,0.0,0.0,0.0,,,,,0.0,0,0,0,0,0,0,
1036,13.39136,78.55396,2026-09-07 07:37:00,1.87,0,0.0,0.0,0.0,0.0,,,,,0.0,0,0,0,0,0,0,
1037,13.8661,79.33069,2026-09-07 07:37:00,4.15,0,0.0,0.0,0.0,0.0,,,,,0.0,0,0,0,0,0,0,
1038,14.0443,80.13178,2026-09-07 07:37:00,6.22,0,0.0,0.0,0.0,0.0,,,,,0.0,0,0,0,0,0,0,
1039,14.29615,77.58157,2026-09-07 07:37:00,4.19,0,0.0,0.0,0.0,0.0,,,,,0.0,0,0,0,0,0,0,
1040,14.47812,77.5274,2026-09-07 07:37:00,5.12,0,0.0,0.0,0.0,0.0,,,,,0.0,0,0,0,0,0,0,
1041,14.77676,79.65521,2026-09-07 07:37:00,4.63,0,0.0,0.0,0.0,0.0,,,,,0.0,0,0,0,0,0,0,
1042,14.89407,79.23284,2026-09-07 07:37:00,8.26,0,0.0,0.0,0.0,0.0,,,,,0.0,0,0,0,0,0,0,
1043,14.95541,79.63568,2026-09-07 07:37:00,7.63,0,0.0,0.0,0.0,0.0,,,,,0.0,0,0,0,0,0,0,
1044,14.95639,79.64087,2026-09-07 07:37:00,7.63,0,0.0,0.0,0.0,0.0,,,,,0.0,0,0,0,0,0,0,
1045,15.69215,80.01839,2026-09-07 07:37:00,4.75,0,0.0,0.0,0.0,0.0,,,,,0.0,0,0,0,0,0,0,
1046,15.78737,78.27644,2026-09-07 07:37:00,1.5,0,0.0,0.0,0.0,0.0,,,,,0.0,0,0,0,0,0,0,
1047,16.1232,79.9809,2026-09-07 07:37:00,3.29,0,0.0,0.0,0.0,0.0,,,,,0.0,0,0,0,0,0,0,
1048,16.42542,79.45825,2026-09-07 07:39:00,4.47,0,0.0,0.0,0.0,0.0,,,,,0.0,0,0,0,0,0,0,
1049,16.87874,80.85161,2026-09-07 07:39:00,3.28,0,0.0,0.0,0.0,0.0,,,,,0.0,0,0,0,0,0,0,
1050,16.90787,79.90573,2026-09-07 07:39:00,3.14,0,0.0,0.0,0.0,0.0,,,,,0.0,0,0,0,0,0,0,
1051,17.01457,79.93188,2026-09-07 07:39:00,4.75,0,0.0,0.0,0.0,0.0,,,,,0.0,0,0,0,0,0,0,
1052,17.60496,83.18684,2026-09-07 07:39:00,5.71,1,0.0,0.0,0.0,0.0,,,,,0.0,0,0,0,0,0,0,
1053,17.9126,83.45437,2026-09-07 07:39:00,5.26,1,0.0,0.0,0.0,0.0,,,,,0.0,0,0,0,0,0,0,
1054,19.10229,82.16896,2026-09-07 07:39:00,7.63,1,10.0,1.6350000000000002,2.41,5.0,49.6,,,11.633407711217677,0.085,1,0,0,0,0,1,
1055,20.76041,85.29862,2026-09-07 07:39:00,6.35,0,6.0,1.5516666666666667,2.27,4.0,,,,6.405088495370253,0.114,0,0,0,0,0,0,
1056,20.78744,85.25918,2026-09-07 07:39:00,7.26,0,17.0,3.313529411764706,9.07,9.0,,,,1.6186895410363888,0.15,0,0,0,0,0,0,
1057,20.79349,85.25431,2026-09-07 07:39:00,11.19,0,4.0,3.4075,6.05,3.0,,,,3.820635761283584,0.081,0,0,0,0,0,0,
1058,20.80732,85.25565,2026-09-07 07:39:00,7.38,0,2.0,1.515,1.63,2.0,,,,36.06244584051393,0.059,0,0,0,0,0,0,
1059,20.86327,84.98638,2026-09-07 07:39:00,3.53,0,13.0,2.730769230769231,5.16,8.0,,,,0.6732788402245895,0.216,0,0,0,0,0,0,
1060,20.86386,84.9901,2026-09-07 07:39:00,3.53,0,13.0,2.730769230769231,5.16,8.0,,,,0.6732788402245895,0.216,0,0,0,0,0,0,
1061,20.86444,84.99381,2026-09-07 07:39:00,8.19,0,13.0,2.730769230769231,5.16,8.0,,,,4.598902722881533,0.216,0,0,0,0,0,0,
1062,20.87168,84.99634,2026-09-07 07:39:00,8.12,0,3.0,1.653333333333333,1.86,3.0,1453.9,,,24.0942670262516,0.107,1,0,0,0,0,1,
1063,20.88653,84.98221,2026-09-07 07:39:00,6.25,0,3.0,2.03,3.33,3.0,,,,3.715502824694133,0.05,0,0,0,0,0,0,
1064,20.88985,84.98161,2026-09-07 07:39:00,3.52,0,3.0,2.03,3.33,3.0,,,,1.3118718504251796,0.05,0,0,0,0,0,0,
1065,20.96211,85.18645,2026-09-07 07:39:00,5.82,0,9.0,2.0677777777777777,8.4,6.0,,,,1.547282552430094,0.162,0,0,0,0,0,0,
1066,20.96409,86.00706,2026-09-07 07:39:00,8.78,0,2.0,1.66,2.12,2.0,,,,10.94478322184395,0.041,0,0,0,0,0,0,
1067,20.96852,86.01384,2026-09-07 07:39:00,5.93,0,14.0,2.7328571428571427,7.71,6.0,,,,1.7262003117034197,0.122,0,0,0,0,0,0,
1068,20.96964,86.0212,2026-09-07 07:39:00,4.31,0,4.0,0.89,1.01,2.0,1069.9,,,24.6817240078565,0.125,1,0,0,0,0,1,
1069,20.97015,86.00223,2026-09-07 07:39:00,5.31,0,9.0,1.3544444444444443,2.6,5.0,,,,6.657611170035419,0.102,0,0,0,0,0,0,
1070,20.9703,85.17357,2026-09-07 07:39:00,5.21,0,23.0,2.6769565217391302,8.43,8.0,,,,1.2837259911965675,0.211,0,0,0,0,0,0,
1071,20.97089,85.17728,2026-09-07 07:39:00,5.21,0,17.0,2.751176470588235,9.11,7.0,,,,1.1547131226734475,0.117,0,0,0,0,0,0,
1072,20.97402,86.00534,2026-09-07 07:39:00,4.11,0,14.0,2.7328571428571427,7.71,6.0,,,,0.7435465149607227,0.122,0,0,0,0,0,0,
1073,20.97693,85.17239,2026-09-07 07:39:00,3.85,0,7.0,1.6614285714285713,3.04,4.0,,,,2.734331194137069,0.222,0,0,0,0,0,0,
1074,21.236,94.84895,2026-09-07 07:39:00,12.41,2,0.0,0.0,0.0,0.0,,,,,0.0,0,0,0,0,0,0,
1075,21.23763,94.84933,2026-09-07 07:39:00,10.69,2,0.0,0.0,0.0,0.0,,,,,0.0,0,0,0,0,0,0,
1076,21.6799,84.03884,2026-09-07 07:39:00,3.63,1,6.0,3.2716666666666665,7.89,4.0,,,,0.1503054817722932,0.098,0,0,0,0,0,0,
1077,21.74611,83.84345,2026-09-07 07:39:00,12.68,1,27.0,4.3566666666666665,13.51,8.0,,,,2.677747663565994,0.216,0,0,0,0,0,0,
1078,21.74949,83.84281,2026-09-07 07:39:00,11.39,1,27.0,4.3566666666666665,13.51,8.0,,,,2.262734309220764,0.216,0,0,0,0,0,0,
1079,21.7569,83.84543,2026-09-07 07:39:00,7.87,1,2.0,2.905,2.94,1.0,988.0,741.3,,100.30814767403444,1.0,1,0,0,1,0,1,
1080,21.76431,83.84805,2026-09-07 07:39:00,5.12,1,2.0,2.905,2.94,1.0,988.0,741.3,,44.749757723662896,1.0,1,0,0,1,0,1,
1081,21.76809,84.01927,2026-09-07 07:39:00,7.95,1,2.0,1.45,1.45,1.0,,,,,1.0,0,0,0,0,0,0,
1082,21.80306,83.89296,2026-09-07 07:39:00,5.38,1,1.0,0.38,0.38,1.0,,,,,1.0,0,0,0,0,0,0,
1083,22.20925,84.86183,2026-09-07 07:39:00,3.47,0,2.0,1.58,1.66,1.0,1261.4,,,16.70539770553218,1.0,1,0,0,0,0,1,
1084,22.3571,82.30258,2026-09-07 07:39:00,10.02,1,19.0,2.906842105263158,7.52,6.0,,,,4.649983082684812,0.14,0,0,0,0,0,0,
1085,22.57151,85.89799,2026-09-07 07:39:00,4.01,0,6.0,2.64,4.4,5.0,,,,1.2745426873183885,0.139,0,0,0,0,0,0,
1086,22.57426,85.89369,2026-09-07 07:39:00,3.54,0,2.0,1.5699999999999998,1.65,2.0,260.7,,,17.41250448671873,0.667,1,0,0,0,0,1,
1087,22.57482,85.89742,2026-09-07 07:39:00,3.54,0,6.0,2.64,4.4,5.0,,,,0.8372908164865327,0.139,0,0,0,0,0,0,
1090,23.67601,86.39903,2026-09-07 07:39:00,4.45,0,34.0,2.769117647058824,9.1,11.0,,,,0.7497239196524984,0.268,0,0,0,0,0,0,
1091,23.67936,86.39845,2026-09-07 07:39:00,4.45,0,34.0,2.769117647058824,9.1,11.0,,,,0.7497239196524984,0.268,0,0,0,0,0,0,
1092,23.6855,86.39344,2026-09-07 07:39:00,8.43,0,10.0,2.427,5.68,8.0,,,,3.6838305281169568,0.229,0,0,0,0,0,0,
1093,23.71457,86.45176,2026-09-07 07:39:00,5.65,0,24.0,2.7245833333333334,8.89,10.0,,,,1.1429084833834666,0.294,0,0,0,0,0,0,
1094,23.73581,86.43229,2026-09-07 07:39:00,3.06,0,21.0,2.818095238095238,6.64,13.0,,,,0.1646744131931053,0.325,0,0,0,0,0,0,
1095,23.73637,86.43615,2026-09-07 07:39:00,3.06,0,6.0,4.711666666666667,8.6,6.0,,,,-0.5390499396553247,0.176,0,0,0,0,0,0,
1096,23.73973,86.43557,2026-09-07 07:39:00,3.06,0,6.0,4.711666666666667,8.6,6.0,,,,-0.5390499396553247,0.176,0,0,0,0,0,0,
1097,23.75722,86.40472,2026-09-07 07:39:00,2.85,0,38.0,2.205,7.66,16.0,,,,0.4399733290281897,0.356,0,0,0,0,0,0,
1098,23.76057,86.40414,2026-09-07 07:39:00,2.85,0,38.0,2.205,7.66,16.0,,,,0.4399733290281897,0.356,0,0,0,0,0,0,
1099,23.79465,86.35478,2026-09-07 07:39:00,1.86,0,6.0,1.45,3.37,5.0,,,,0.4096805736802473,0.227,0,0,0,0,0,0,
1100,23.80133,86.32993,2026-09-07 07:39:00,4.15,0,22.0,2.9740909090909096,6.95,14.0,,,,0.6274541181862873,0.333,0,0,0,0,0,0,
1101,23.80467,86.32935,2026-09-07 07:39:00,4.15,0,22.0,2.9740909090909096,6.95,14.0,,,,0.6274541181862873,0.333,0,0,0,0,0,0,
1102,25.97929,93.56585,2026-09-07 07:39:00,3.67,0,0.0,0.0,0.0,0.0,,,,,0.0,0,0,0,0,0,0,
1103,30.68413,73.86338,2026-09-07 07:44:00,5.51,0,0.0,0.0,0.0,0.0,,,,,0.0,0,0,0,0,0,0,
1104,31.25838,74.14626,2026-09-07 07:44:00,3.55,0,0.0,0.0,0.0,0.0,,,,,0.0,0,0,0,0,0,0,
1105,35.8244,68.37402,2026-09-07 07:44:00,1.06,0,0.0,0.0,0.0,0.0,,,,,0.0,0,0,0,0,0,0,
1106,35.82621,68.37363,2026-09-07 07:44:00,1.69,0,0.0,0.0,0.0,0.0,,,,,0.0,0,0,0,0,0,0,
1107,36.96354,81.34337,2026-09-07 07:44:00,3.38,0,1.0,2.44,2.44,1.0,,,,,1.0,0,0,0,0,0,0,
1108,36.9642,81.34764,2026-09-07 07:44:00,3.38,0,0.0,0.0,0.0,0.0,,,,,0.0,0,0,0,0,0,0,
1109,36.96814,81.35114,2026-09-07 07:44:00,2.94,0,1.0,4.89,4.89,1.0,,,,,1.0,0,0,0,0,0,0,
1110,36.97143,81.35034,2026-09-07 07:44:00,2.94,0,1.0,4.89,4.89,1.0,,,,,1.0,0,0,0,0,0,0,
1111,36.97208,81.35461,2026-09-07 07:44:00,2.94,1,1.0,4.89,4.89,1.0,,,,,1.0,0,0,0,0,0,0,
