frp,confidence,historical_count,historical_frp_mean,historical_frp_max,persistence_days,industrial_distance,residential_distance,road_distance,frp_zscore,persistence_ratio,has_baseline,bright_ti4,bright_ti5,brightness_difference,scan,track,is_night,hour,day_of_week,near_industrial,near_agriculture,near_forest,near_residential,near_commercial,osm_queried,label
6.15,0,1.0,6.58,6.58,1.0,,,,,1.0,True,343.39,304.11,39.27999999999997,0.39,0.36,0,8,5,0,0,0,0,0,0,
6.15,0,1.0,6.58,6.58,1.0,,,,,1.0,True,336.68,301.43,35.25,0.39,0.36,0,8,5,0,0,0,0,0,0,
5.04,0,0.0,0.0,0.0,0.0,,,,,0.0,False,343.16,304.06,39.10000000000002,0.42,0.37,0,8,5,0,0,0,0,0,0,
2.79,0,0.0,0.0,0.0,0.0,,,,,0.0,False,335.27,303.12,32.14999999999998,0.42,0.37,0,8,5,0,0,0,0,0,0,
2.79,0,0.0,0.0,0.0,0.0,,,,,0.0,False,335.75,301.67,34.079999999999984,0.42,0.37,0,8,5,0,0,0,0,0,0,
7.9,0,0.0,0.0,0.0,0.0,,,,,0.0,False,344.87,306.14,38.73000000000002,0.41,0.37,0,8,5,0,0,0,0,0,0,
4.24,0,0.0,0.0,0.0,0.0,,,,,0.0,False,335.73,304.09,31.640000000000043,0.4,0.37,0,8,5,0,0,0,0,0,0,
7.9,0,0.0,0.0,0.0,0.0,,,,,0.0,False,348.57,304.24,44.329999999999984,0.41,0.37,0,8,5,0,0,0,0,0,0,
3.89,0,0.0,0.0,0.0,0.0,,,,,0.0,False,338.73,303.45,35.28000000000003,0.42,0.37,0,8,5,0,0,0,0,0,0,
8.79,0,0.0,0.0,0.0,0.0,,,,,0.0,False,348.35,302.2,46.150000000000034,0.4,0.37,0,8,5,0,0,0,0,0,0,
5.49,0,0.0,0.0,0.0,0.0,,,,,0.0,False,340.8,303.25,37.55000000000001,0.39,0.36,0,8,5,0,0,0,0,0,0,
7.27,0,0.0,0.0,0.0,0.0,,,,,0.0,False,344.98,302.11,42.870000000000005,0.39,0.36,0,8,5,0,0,0,0,0,0,
3.89,0,0.0,0.0,0.0,0.0,,,,,0.0,False,338.37,303.99,34.379999999999995,0.39,0.36,0,8,5,0,0,0,0,0,0,
2.0,0,0.0,0.0,0.0,0.0,,,,,0.0,False,332.93,297.02,35.910000000000025,0.4,0.37,0,8,5,0,0,0,0,0,0,
4.55,0,0.0,0.0,0.0,0.0,,,,,0.0,False,343.64,300.6,43.039999999999964,0.39,0.36,0,8,5,0,0,0,0,0,0,
3.25,0,0.0,0.0,0.0,0.0,,,,,0.0,False,337.45,301.1,36.349999999999966,0.42,0.37,0,8,5,0,0,0,0,0,0,
5.79,0,0.0,0.0,0.0,0.0,,,,,0.0,False,336.74,299.72,37.01999999999998,0.42,0.37,0,8,5,0,0,0,0,0,0,
5.64,0,0.0,0.0,0.0,0.0,,,,,0.0,False,339.77,298.07,41.69999999999999,0.42,0.37,0,8,5,0,0,0,0,0,0,
14.3,0,0.0,0.0,0.0,0.0,,,,,0.0,False,344.56,301.53,43.03000000000003,0.39,0.36,0,8,5,0,0,0,0,0,0,
2.29,1,0.0,0.0,0.0,0.0,,,,,0.0,False,332.41,303.58,28.83000000000004,0.41,0.37,0,8,5,0,0,0,0,0,0,
4.77,0,0.0,0.0,0.0,0.0,,,,,0.0,False,338.84,301.11,37.72999999999996,0.39,0.36,0,8,5,0,0,0,0,0,0,
7.76,0,5.0,1.898,2.69,1.0,,,,13.15660029689106,1.0,True,340.0,304.96,35.04000000000002,0.4,0.37,0,8,5,0,0,0,0,0,1,
7.76,0,5.0,1.898,2.69,1.0,,,,13.15660029689106,1.0,True,356.8,306.15,50.650000000000034,0.4,0.37,0,8,5,0,0,0,0,0,1,
6.85,0,0.0,0.0,0.0,0.0,,,,,0.0,False,338.16,303.51,34.650000000000034,0.4,0.37,0,8,5,0,0,0,0,0,0,
5.69,0,5.0,1.898,2.69,1.0,,,,8.5107178993195,1.0,True,340.1,302.17,37.93000000000001,0.4,0.37,0,8,5,0,0,0,0,0,1,
5.69,0,0.0,0.0,0.0,0.0,,,,,0.0,False,352.75,302.29,50.45999999999998,0.4,0.37,0,8,5,0,0,0,0,0,0,
4.16,0,0.0,0.0,0.0,0.0,,,,,0.0,False,337.75,300.59,37.160000000000025,0.4,0.37,0,8,5,0,0,0,0,0,0,
2.47,0,1.0,2.51,2.51,1.0,,,,,1.0,True,333.36,298.87,34.49000000000001,0.4,0.37,0,8,5,0,0,0,0,0,0,
5.52,0,0.0,0.0,0.0,0.0,,,,,0.0,False,340.74,304.9,35.84000000000003,0.4,0.37,0,8,5,0,0,0,0,0,0,
6.66,0,0.0,0.0,0.0,0.0,,,,,0.0,False,337.97,303.25,34.72000000000003,0.4,0.37,0,8,5,0,0,0,0,0,0,
2.53,0,0.0,0.0,0.0,0.0,,,,,0.0,False,337.03,302.89,34.139999999999986,0.41,0.37,0,8,5,0,0,0,0,0,0,
2.95,0,0.0,0.0,0.0,0.0,,,,,0.0,False,333.18,302.61,30.569999999999993,0.4,0.37,0,8,5,0,0,0,0,0,0,
9.25,0,0.0,0.0,0.0,0.0,,,,,0.0,False,348.04,300.32,47.72000000000003,0.4,0.37,0,8,5,0,0,0,0,0,0,
2.02,0,1.0,4.09,4.09,1.0,,,,,1.0,True,336.14,302.3,33.839999999999975,0.4,0.37,0,8,5,0,0,0,0,0,0,
8.22,0,0.0,0.0,0.0,0.0,,,,,0.0,False,345.91,302.97,42.94,0.4,0.37,0,8,5,0,0,0,0,0,0,
2.02,1,0.0,0.0,0.0,0.0,,,,,0.0,False,331.74,301.75,29.99000000000001,0.41,0.37,0,8,5,0,0,0,0,0,0,
5.93,0,0.0,0.0,0.0,0.0,,,,,0.0,False,348.78,304.4,44.379999999999995,0.39,0.36,0,8,5,0,0,0,0,0,0,
1.91,0,0.0,0.0,0.0,0.0,,,,,0.0,False,330.97,300.46,30.510000000000048,0.39,0.36,0,8,5,0,0,0,0,0,0,
3.72,0,0.0,0.0,0.0,0.0,,,,,0.0,False,339.14,301.68,37.45999999999998,0.4,0.37,0,8,5,0,0,0,0,0,0,
1.93,0,0.0,0.0,0.0,0.0,,,,,0.0,False,333.82,299.3,34.51999999999998,0.4,0.37,0,8,5,0,0,0,0,0,0,
6.99,0,0.0,0.0,0.0,0.0,,,,,0.0,False,336.98,303.26,33.72000000000003,0.39,0.36,0,8,5,0,0,0,0,0,0,
3.3,0,1.0,3.25,3.25,1.0,,,,,1.0,True,342.21,302.87,39.339999999999975,0.39,0.36,0,8,5,0,0,0,0,0,0,
22.11,0,1.0,1.57,1.57,1.0,,,,,1.0,True,350.32,306.7,43.620000000000005,0.39,0.36,0,8,5,0,0,0,0,0,0,
6.27,0,0.0,0.0,0.0,0.0,,,,,0.0,False,337.54,303.06,34.48000000000002,0.41,0.37,0,8,5,0,0,0,0,0,0,
6.44,0,0.0,0.0,0.0,0.0,,,,,0.0,False,340.75,303.11,37.639999999999986,0.41,0.37,0,8,5,0,0,0,0,0,0,
7.05,0,0.0,0.0,0.0,0.0,,,,,0.0,False,336.13,302.91,33.21999999999997,0.39,0.36,0,8,5,0,0,0,0,0,0,
6.81,0,0.0,0.0,0.0,0.0,,,,,0.0,False,337.34,301.82,35.51999999999998,0.41,0.37,0,8,5,0,0,0,0,0,0,
4.22,0,2.0,6.705,8.74,1.0,,,,-0.8634694600730077,1.0,True,337.71,305.24,32.46999999999997,0.41,0.37,0,8,5,0,0,0,0,0,0,
3.92,0,0.0,0.0,0.0,0.0,,,,,0.0,False,341.79,304.88,36.910000000000025,0.39,0.37,0,8,5,0,0,0,0,0,0,
3.19,0,1.0,8.98,8.98,1.0,,,,,1.0,True,333.85,302.28,31.57000000000005,0.4,0.37,0,8,5,0,0,0,0,0,0,
3.92,0,0.0,0.0,0.0,0.0,,,,,0.0,False,335.43,301.29,34.139999999999986,0.39,0.37,0,8,5,0,0,0,0,0,0,
2.61,0,0.0,0.0,0.0,0.0,,,,,0.0,False,336.19,298.5,37.69,0.39,0.36,0,8,5,0,0,0,0,0,0,
7.39,0,0.0,0.0,0.0,0.0,,,,,0.0,False,334.67,299.03,35.64000000000004,0.4,0.37,0,8,5,0,0,0,0,0,0,
7.49,0,0.0,0.0,0.0,0.0,,,,,0.0,False,338.86,298.15,40.710000000000036,0.4,0.37,0,8,5,0,0,0,0,0,0,
7.39,0,0.0,0.0,0.0,0.0,,,,,0.0,False,345.61,299.11,46.5,0.4,0.37,0,8,5,0,0,0,0,0,0,
2.51,0,0.0,0.0,0.0,0.0,,,,,0.0,False,336.8,301.89,34.910000000000025,0.4,0.37,0,8,5,0,0,0,0,0,0,
11.39,0,0.0,0.0,0.0,0.0,,,,,0.0,False,349.64,306.12,43.51999999999998,0.4,0.37,0,8,5,0,0,0,0,0,0,
3.43,0,0.0,0.0,0.0,0.0,,,,,0.0,False,337.25,301.34,35.910000000000025,0.41,0.37,0,8,5,0,0,0,0,0,0,
7.92,0,0.0,0.0,0.0,0.0,,,,,0.0,False,348.69,302.78,45.910000000000025,0.41,0.37,0,8,5,0,0,0,0,0,0,
4.47,0,0.0,0.0,0.0,0.0,,,,,0.0,False,334.5,303.2,31.30000000000001,0.39,0.36,0,8,5,0,0,0,0,0,0,
5.8,0,0.0,0.0,0.0,0.0,,,,,0.0,False,340.29,302.7,37.59000000000003,0.4,0.37,0,8,5,0,0,0,0,0,0,
3.0,1,0.0,0.0,0.0,0.0,,,,,0.0,False,333.56,303.84,29.720000000000027,0.4,0.37,0,8,5,0,0,0,0,0,0,
10.92,0,0.0,0.0,0.0,0.0,,,,,0.0,False,343.07,301.59,41.48000000000002,0.4,0.37,0,8,5,0,0,0,0,0,0,
6.6,0,0.0,0.0,0.0,0.0,,,,,0.0,False,335.48,303.0,32.48000000000002,0.4,0.37,0,8,5,0,0,0,0,0,0,
7.32,0,0.0,0.0,0.0,0.0,,,,,0.0,False,345.65,303.22,42.42999999999995,0.41,0.37,0,8,5,0,0,0,0,0,0,
1.59,0,0.0,0.0,0.0,0.0,,,,,0.0,False,330.69,299.93,30.75999999999999,0.4,0.37,0,8,5,0,0,0,0,0,0,
3.54,0,0.0,0.0,0.0,0.0,,,,,0.0,False,335.56,300.54,35.01999999999998,0.4,0.37,0,8,5,0,0,0,0,0,0,
6.05,0,1.0,9.47,9.47,1.0,,,,,1.0,True,340.45,303.19,37.25999999999999,0.4,0.37,0,8,5,0,0,0,0,0,0,
1.59,0,0.0,0.0,0.0,0.0,,,,,0.0,False,331.38,297.98,33.39999999999998,0.4,0.37,0,8,5,0,0,0,0,0,0,
2.37,0,0.0,0.0,0.0,0.0,,,,,0.0,False,336.32,298.53,37.79000000000002,0.4,0.37,0,8,5,0,0,0,0,0,0,
4.67,0,0.0,0.0,0.0,0.0,,,,,0.0,False,336.0,302.42,33.579999999999984,0.4,0.37,0,8,5,0,0,0,0,0,0,
3.7,0,0.0,0.0,0.0,0.0,,,,,0.0,False,338.11,302.95,35.160000000000025,0.4,0.37,0,8,5,0,0,0,0,0,0,
3.04,0,2.0,8.105,9.47,1.0,,,,-2.6238064811061266,1.0,True,333.44,302.33,31.110000000000014,0.4,0.37,0,8,5,0,0,0,0,0,0,
3.04,0,2.0,8.105,9.47,1.0,,,,-2.6238064811061266,1.0,True,337.24,302.32,34.920000000000016,0.4,0.37,0,8,5,0,0,0,0,0,0,
4.38,0,0.0,0.0,0.0,0.0,,,,,0.0,False,339.67,303.73,35.94,0.4,0.37,0,8,5,0,0,0,0,0,0,
6.89,0,1.0,11.16,11.16,1.0,,,,,1.0,True,342.09,301.21,40.879999999999995,0.4,0.37,0,8,5,0,0,0,0,0,0,
5.13,1,0.0,0.0,0.0,0.0,,,,,0.0,False,334.93,305.63,29.30000000000001,0.4,0.37,0,8,5,0,0,0,0,0,0,
8.76,0,0.0,0.0,0.0,0.0,,,,,0.0,False,343.3,304.19,39.110000000000014,0.4,0.37,0,8,5,0,0,0,0,0,0,
12.18,0,0.0,0.0,0.0,0.0,,,,,0.0,False,353.16,304.75,48.410000000000025,0.4,0.37,0,8,5,0,0,0,0,0,0,
3.06,1,0.0,0.0,0.0,0.0,,,,,0.0,False,333.2,303.29,29.909999999999968,0.39,0.36,0,8,5,0,0,0,0,0,0,
4.53,0,0.0,0.0,0.0,0.0,,,,,0.0,False,336.63,299.62,37.00999999999999,0.4,0.37,0,8,5,0,0,0,0,0,0,
2.91,0,0.0,0.0,0.0,0.0,,,,,0.0,False,337.01,304.53,32.48000000000002,0.4,0.37,0,8,5,0,0,0,0,0,0,
3.84,0,0.0,0.0,0.0,0.0,,,,,0.0,False,341.02,304.22,36.799999999999955,0.4,0.37,0,8,5,0,0,0,0,0,0,
3.0,0,1.0,2.0,2.0,1.0,,,,,1.0,True,338.72,301.96,36.76000000000005,0.4,0.37,0,8,5,0,0,0,0,0,0,
5.01,0,0.0,0.0,0.0,0.0,,,,,0.0,False,336.92,305.62,31.30000000000001,0.4,0.37,0,8,5,0,0,0,0,0,0,
4.82,0,0.0,0.0,0.0,0.0,,,,,0.0,False,343.17,303.9,39.27000000000004,0.39,0.36,0,8,5,0,0,0,0,0,0,
15.94,0,0.0,0.0,0.0,0.0,,,,,0.0,False,345.24,303.8,41.44,0.39,0.37,0,8,5,0,0,0,0,0,0,
3.59,0,0.0,0.0,0.0,0.0,,,,,0.0,False,334.33,302.82,31.50999999999999,0.4,0.37,0,8,5,0,0,0,0,0,0,
4.79,0,0.0,0.0,0.0,0.0,,,,,0.0,False,338.61,303.78,34.83000000000004,0.4,0.37,0,8,5,0,0,0,0,0,0,
2.2,0,0.0,0.0,0.0,0.0,,,,,0.0,False,332.68,302.05,30.629999999999995,0.4,0.37,0,8,5,0,0,0,0,0,0,
10.97,0,0.0,0.0,0.0,0.0,,,,,0.0,False,349.24,306.18,43.06,0.4,0.37,0,8,5,0,0,0,0,0,0,
5.26,0,0.0,0.0,0.0,0.0,,,,,0.0,False,342.86,304.07,38.79000000000002,0.4,0.37,0,8,5,0,0,0,0,0,0,
4.63,0,0.0,0.0,0.0,0.0,,,,,0.0,False,340.95,304.43,36.51999999999998,0.4,0.37,0,8,5,0,0,0,0,0,0,
6.85,0,0.0,0.0,0.0,0.0,,,,,0.0,False,333.48,300.93,32.55000000000001,0.4,0.37,0,8,5,0,0,0,0,0,0,
4.76,0,0.0,0.0,0.0,0.0,,,,,0.0,False,334.37,303.22,31.149999999999977,0.4,0.37,0,8,5,0,0,0,0,0,0,
5.11,1,1.0,4.19,4.19,1.0,,,,,1.0,True,332.44,303.65,28.79000000000002,0.4,0.37,0,8,5,0,0,0,0,0,0,
7.86,0,1.0,6.43,6.43,1.0,,,,,1.0,True,339.49,305.56,33.93000000000001,0.4,0.37,0,8,5,0,0,0,0,0,0,
3.71,0,0.0,0.0,0.0,0.0,,,,,0.0,False,349.09,303.15,45.94,0.39,0.36,0,8,5,0,0,0,0,0,0,
3.71,0,0.0,0.0,0.0,0.0,,,,,0.0,False,345.95,304.31,41.639999999999986,0.39,0.36,0,8,5,0,0,0,0,0,0,
3.71,0,0.0,0.0,0.0,0.0,,,,,0.0,False,337.15,302.31,34.839999999999975,0.39,0.36,0,8,5,0,0,0,0,0,0,
3.17,0,0.0,0.0,0.0,0.0,,,,,0.0,False,336.86,298.77,38.09000000000003,0.4,0.37,0,8,5,0,0,0,0,0,0,
3.56,1,0.0,0.0,0.0,0.0,,,,,0.0,False,331.01,303.04,27.96999999999997,0.4,0.37,0,8,5,0,0,0,0,0,0,
7.64,0,0.0,0.0,0.0,0.0,,,,,0.0,False,342.45,303.81,38.639999999999986,0.4,0.37,0,8,5,0,0,0,0,0,0,
3.01,1,0.0,0.0,0.0,0.0,,,,,0.0,False,330.57,301.46,29.110000000000014,0.41,0.37,0,8,5,0,0,0,0,0,0,
5.7,0,0.0,0.0,0.0,0.0,,,,,0.0,False,336.34,301.49,34.849999999999966,0.41,0.37,0,8,5,0,0,0,0,0,0,
3.91,0,0.0,0.0,0.0,0.0,,,,,0.0,False,338.4,301.77,36.629999999999995,0.4,0.37,0,8,5,0,0,0,0,0,0,
14.4,0,0.0,0.0,0.0,0.0,,,,,0.0,False,343.23,301.13,42.10000000000002,0.4,0.37,0,8,5,0,0,0,0,0,0,
5.17,0,1.0,5.65,5.65,1.0,,,,,1.0,True,338.0,302.51,35.49000000000001,0.41,0.37,0,8,5,0,0,0,0,0,0,
4.29,0,0.0,0.0,0.0,0.0,,,,,0.0,False,337.33,301.47,35.85999999999996,0.4,0.37,0,8,5,0,0,0,0,0,0,
4.46,0,1.0,5.65,5.65,1.0,,,,,1.0,True,341.11,304.13,36.98000000000002,0.41,0.37,0,8,5,0,0,0,0,0,0,
6.7,0,0.0,0.0,0.0,0.0,,,,,0.0,False,343.53,301.39,42.139999999999986,0.41,0.37,0,8,5,0,0,0,0,0,0,
4.29,0,0.0,0.0,0.0,0.0,,,,,0.0,False,338.94,302.06,36.879999999999995,0.4,0.37,0,8,5,0,0,0,0,0,0,
4.34,0,0.0,0.0,0.0,0.0,,,,,0.0,False,337.55,302.48,35.06999999999999,0.41,0.37,0,8,5,0,0,0,0,0,0,
2.32,0,1.0,5.65,5.65,1.0,,,,,1.0,True,331.86,299.94,31.920000000000016,0.41,0.37,0,8,5,0,0,0,0,0,0,
4.46,0,1.0,5.65,5.65,1.0,,,,,1.0,True,339.57,302.05,37.51999999999998,0.41,0.37,0,8,5,0,0,0,0,0,0,
4.34,0,0.0,0.0,0.0,0.0,,,,,0.0,False,336.19,303.36,32.829999999999984,0.41,0.37,0,8,5,0,0,0,0,0,0,
4.32,0,1.0,5.52,5.52,1.0,,,,,1.0,True,342.41,302.69,39.72000000000003,0.41,0.37,0,8,5,0,0,0,0,0,0,
3.67,0,0.0,0.0,0.0,0.0,,,,,0.0,False,337.54,304.27,33.27000000000004,0.39,0.36,0,8,5,0,0,0,0,0,0,
4.64,0,0.0,0.0,0.0,0.0,,,,,0.0,False,337.34,302.33,35.00999999999999,0.41,0.37,0,8,5,0,0,0,0,0,0,
7.2,0,0.0,0.0,0.0,0.0,,,,,0.0,False,338.41,302.27,36.14000000000004,0.4,0.37,0,8,5,0,0,0,0,0,0,
4.64,0,0.0,0.0,0.0,0.0,,,,,0.0,False,337.87,302.59,35.28000000000003,0.41,0.37,0,8,5,0,0,0,0,0,0,
2.47,0,0.0,0.0,0.0,0.0,,,,,0.0,False,332.61,299.93,32.68000000000001,0.41,0.37,0,8,5,0,0,0,0,0,0,
17.0,0,2.0,9.905,11.33,1.0,,,,3.520647447381443,1.0,True,341.21,304.31,36.89999999999998,0.4,0.37,0,8,5,0,0,0,0,0,0,
4.69,0,0.0,0.0,0.0,0.0,,,,,0.0,False,336.72,302.74,33.98000000000002,0.4,0.37,0,8,5,0,0,0,0,0,0,
8.18,0,0.0,0.0,0.0,0.0,,,,,0.0,False,344.29,304.42,39.870000000000005,0.4,0.37,0,8,5,0,0,0,0,0,0,
22.92,0,0.0,0.0,0.0,0.0,,,,,0.0,False,344.37,309.23,35.139999999999986,0.4,0.37,0,8,5,0,0,0,0,0,0,
22.92,0,0.0,0.0,0.0,0.0,,,,,0.0,False,337.37,301.73,35.639999999999986,0.4,0.37,0,8,5,0,0,0,0,0,0,
3.66,0,0.0,0.0,0.0,0.0,,,,,0.0,False,330.89,298.98,31.909999999999968,0.4,0.37,0,8,5,0,0,0,0,0,0,
14.63,0,0.0,0.0,0.0,0.0,,,,,0.0,False,352.26,306.49,45.76999999999998,0.39,0.36,0,8,5,0,0,0,0,0,0,
14.63,0,6.0,13.336666666666668,24.8,3.0,,,,0.124075295928065,0.062,True,335.52,303.33,32.19,0.39,0.36,0,8,5,0,0,0,0,0,0,
14.63,0,0.0,0.0,0.0,0.0,,,,,0.0,False,347.26,302.46,44.80000000000001,0.39,0.36,0,8,5,0,0,0,0,0,0,
6.12,0,1.0,4.45,4.45,1.0,,,,,1.0,True,343.85,303.52,40.33000000000004,0.41,0.37,0,8,5,0,0,0,0,0,0,
8.56,0,1.0,4.45,4.45,1.0,,,,,1.0,True,353.24,302.62,50.620000000000005,0.41,0.37,0,8,5,0,0,0,0,0,0,
6.67,0,0.0,0.0,0.0,0.0,,,,,0.0,False,344.17,301.47,42.69999999999999,0.4,0.37,0,8,5,0,0,0,0,0,0,
14.61,0,0.0,0.0,0.0,0.0,,,,,0.0,False,348.54,304.43,44.110000000000014,0.41,0.37,0,8,5,0,0,0,0,0,0,
34.68,0,0.0,0.0,0.0,0.0,,,,,0.0,False,341.25,305.6,35.64999999999998,0.41,0.37,0,8,5,0,0,0,0,0,0,
2.41,1,0.0,0.0,0.0,0.0,,,,,0.0,False,330.9,301.1,29.799999999999955,0.39,0.36,0,8,5,0,0,0,0,0,0,
3.03,0,0.0,0.0,0.0,0.0,,,,,0.0,False,335.37,303.9,31.470000000000027,0.41,0.37,0,8,5,0,0,0,0,0,0,
6.71,0,1.0,7.89,7.89,1.0,,,,,1.0,True,342.1,304.44,37.660000000000025,0.41,0.37,0,8,5,0,0,0,0,0,0,
6.71,0,1.0,7.89,7.89,1.0,,,,,1.0,True,337.27,302.59,34.68000000000001,0.41,0.37,0,8,5,0,0,0,0,0,0,
3.93,0,0.0,0.0,0.0,0.0,,,,,0.0,False,332.41,298.84,33.57000000000005,0.41,0.37,0,8,5,0,0,0,0,0,0,
7.94,0,0.0,0.0,0.0,0.0,,,,,0.0,False,352.09,302.01,50.079999999999984,0.4,0.37,0,8,5,0,0,0,0,0,0,
4.26,0,0.0,0.0,0.0,0.0,,,,,0.0,False,338.35,301.87,36.48000000000002,0.4,0.37,0,8,5,0,0,0,0,0,0,
4.52,0,0.0,0.0,0.0,0.0,,,,,0.0,False,334.99,301.44,33.55000000000001,0.4,0.37,0,8,5,0,0,0,0,0,0,
1.71,0,0.0,0.0,0.0,0.0,,,,,0.0,False,336.61,294.41,42.19999999999999,0.4,0.37,0,8,5,0,0,0,0,0,0,
1.71,0,0.0,0.0,0.0,0.0,,,,,0.0,False,335.04,300.96,34.08000000000004,0.4,0.37,0,8,5,0,0,0,0,0,0,
2.68,1,0.0,0.0,0.0,0.0,,,,,0.0,False,333.26,302.74,30.519999999999982,0.39,0.36,0,8,5,0,0,0,0,0,0,
4.48,0,0.0,0.0,0.0,0.0,,,,,0.0,False,337.67,303.09,34.58000000000004,0.39,0.36,0,8,5,0,0,0,0,0,0,
4.55,0,0.0,0.0,0.0,0.0,,,,,0.0,False,338.1,302.86,35.24000000000001,0.4,0.37,0,8,5,0,0,0,0,0,0,
5.15,0,0.0,0.0,0.0,0.0,,,,,0.0,False,336.46,301.83,34.629999999999995,0.4,0.37,0,8,5,0,0,0,0,0,0,
6.19,0,0.0,0.0,0.0,0.0,,,,,0.0,False,338.65,303.53,35.120000000000005,0.4,0.37,0,8,5,0,0,0,0,0,0,
9.27,0,0.0,0.0,0.0,0.0,,,,,0.0,False,340.45,303.68,36.76999999999998,0.41,0.37,0,8,5,0,0,0,0,0,0,
9.27,2,0.0,0.0,0.0,0.0,,,,,0.0,False,367.0,306.04,60.95999999999998,0.41,0.37,0,8,5,0,0,0,0,0,0,
4.45,0,1.0,2.95,2.95,1.0,,,,,1.0,True,343.29,301.96,41.33000000000004,0.41,0.37,0,8,5,0,0,0,0,0,0,
6.13,0,0.0,0.0,0.0,0.0,,,,,0.0,False,336.95,302.34,34.610000000000014,0.4,0.37,0,8,5,0,0,0,0,0,0,
9.27,0,0.0,0.0,0.0,0.0,,,,,0.0,False,350.11,302.67,47.44,0.41,0.37,0,8,5,0,0,0,0,0,0,
5.32,0,0.0,0.0,0.0,0.0,,,,,0.0,False,343.31,302.17,41.139999999999986,0.41,0.37,0,8,5,0,0,0,0,0,0,
3.73,0,0.0,0.0,0.0,0.0,,,,,0.0,False,334.29,300.99,33.30000000000001,0.41,0.37,0,8,5,0,0,0,0,0,0,
3.26,1,0.0,0.0,0.0,0.0,,,,,0.0,False,333.62,303.95,29.670000000000016,0.41,0.37,0,8,5,0,0,0,0,0,0,
5.31,0,0.0,0.0,0.0,0.0,,,,,0.0,False,342.51,296.82,45.69,0.4,0.37,0,8,5,0,0,0,0,0,0,
4.07,0,0.0,0.0,0.0,0.0,,,,,0.0,False,336.37,301.57,34.80000000000001,0.4,0.37,0,8,5,0,0,0,0,0,0,
7.86,0,0.0,0.0,0.0,0.0,,,,,0.0,False,342.85,296.95,45.900000000000034,0.4,0.37,0,8,5,0,0,0,0,0,0,
13.35,0,0.0,0.0,0.0,0.0,,,,,0.0,False,342.91,301.04,41.870000000000005,0.39,0.37,0,8,5,0,0,0,0,0,0,
14.2,0,0.0,0.0,0.0,0.0,,,,,0.0,False,341.82,302.32,39.5,0.4,0.37,0,8,5,0,0,0,0,0,0,
2.97,0,0.0,0.0,0.0,0.0,,,,,0.0,False,338.98,304.68,34.30000000000001,0.4,0.37,0,8,5,0,0,0,0,0,0,
6.01,1,0.0,0.0,0.0,0.0,,,,,0.0,False,330.16,302.42,27.74000000000001,0.4,0.37,0,8,5,0,0,0,0,0,0,
4.77,0,0.0,0.0,0.0,0.0,,,,,0.0,False,335.51,304.13,31.379999999999995,0.41,0.37,0,8,5,0,0,0,0,0,0,
19.97,0,0.0,0.0,0.0,0.0,,,,,0.0,False,351.7,304.44,47.25999999999999,0.41,0.37,0,8,5,0,0,0,0,0,1,
10.26,0,0.0,0.0,0.0,0.0,,,,,0.0,False,338.46,300.59,37.870000000000005,0.41,0.37,0,8,5,0,0,0,0,0,1,
9.06,0,1.0,5.85,5.85,1.0,,,,,1.0,True,344.67,301.96,42.710000000000036,0.4,0.37,0,8,5,0,0,0,0,0,0,
4.03,0,0.0,0.0,0.0,0.0,,,,,0.0,False,348.17,295.98,52.19,0.41,0.37,0,8,5,0,0,0,0,0,0,
1.96,0,0.0,0.0,0.0,0.0,,,,,0.0,False,330.56,299.7,30.860000000000014,0.4,0.37,0,8,5,0,0,0,0,0,0,
4.77,0,0.0,0.0,0.0,0.0,,,,,0.0,False,336.19,300.72,35.46999999999997,0.4,0.37,0,8,5,0,0,0,0,0,0,
6.32,0,0.0,0.0,0.0,0.0,,,,,0.0,False,338.48,303.37,35.110000000000014,0.4,0.37,0,8,5,0,0,0,0,0,0,
5.79,0,0.0,0.0,0.0,0.0,,,,,0.0,False,341.99,304.13,37.860000000000014,0.4,0.37,0,8,5,0,0,0,0,0,0,
5.07,0,0.0,0.0,0.0,0.0,,,,,0.0,False,339.6,303.37,36.23000000000002,0.41,0.37,0,8,5,0,0,0,0,0,0,
5.81,0,1.0,2.58,2.58,1.0,,,,,1.0,True,346.45,302.05,44.39999999999998,0.4,0.37,0,8,5,0,0,0,0,0,0,
6.32,0,0.0,0.0,0.0,0.0,,,,,0.0,False,354.27,304.16,50.10999999999996,0.4,0.37,0,8,5,0,0,0,0,0,0,
4.13,0,0.0,0.0,0.0,0.0,,,,,0.0,False,340.4,303.36,37.039999999999964,0.4,0.37,0,8,5,0,0,0,0,0,0,
20.83,0,0.0,0.0,0.0,0.0,,,,,0.0,False,345.88,304.91,40.96999999999997,0.4,0.37,0,8,5,0,1,0,0,0,1,
4.8,0,0.0,0.0,0.0,0.0,,,,,0.0,False,335.18,303.6,31.579999999999984,0.41,0.37,0,8,5,0,0,0,0,0,0,
4.81,0,0.0,0.0,0.0,0.0,,,,,0.0,False,340.97,301.33,39.64000000000004,0.41,0.37,0,8,5,0,0,0,0,0,0,
10.73,0,0.0,0.0,0.0,0.0,,,,,0.0,False,339.29,297.92,41.370000000000005,0.4,0.37,0,8,5,0,0,0,0,0,0,
5.24,0,0.0,0.0,0.0,0.0,,,,,0.0,False,350.01,302.17,47.839999999999975,0.41,0.37,0,8,5,0,0,0,0,0,0,
5.52,1,1.0,19.68,19.68,1.0,,,,,1.0,True,332.04,305.66,26.379999999999995,0.4,0.37,0,8,5,0,0,0,0,0,0,
2.15,0,0.0,0.0,0.0,0.0,,,,,0.0,False,336.87,302.41,34.45999999999998,0.4,0.37,0,8,5,0,0,0,0,0,0,
3.71,0,1.0,1.79,1.79,1.0,,,,,1.0,True,342.27,299.85,42.41999999999996,0.4,0.37,0,8,5,0,0,0,0,0,0,
2.46,0,0.0,0.0,0.0,0.0,,,,,0.0,False,331.28,300.66,30.619999999999948,0.4,0.37,0,8,5,0,0,0,0,0,0,
3.32,0,0.0,0.0,0.0,0.0,,,,,0.0,False,336.31,302.88,33.43000000000001,0.4,0.37,0,8,5,0,0,0,0,0,0,
4.62,0,0.0,0.0,0.0,0.0,,,,,0.0,False,340.57,302.17,38.39999999999998,0.38,0.36,0,8,5,0,0,0,0,0,0,
7.2,0,0.0,0.0,0.0,0.0,,,,,0.0,False,346.22,307.87,38.35000000000002,0.4,0.37,0,8,5,0,0,0,0,0,0,
3.37,0,0.0,0.0,0.0,0.0,,,,,0.0,False,339.27,301.01,38.25999999999999,0.4,0.37,0,8,5,0,0,0,0,0,0,
3.04,0,0.0,0.0,0.0,0.0,,,,,0.0,False,337.53,301.81,35.71999999999997,0.4,0.37,0,8,5,0,0,0,0,0,0,
4.57,0,1.0,6.1,6.1,1.0,,,,,1.0,True,340.06,303.67,36.389999999999986,0.38,0.36,0,8,5,0,0,0,0,0,0,
3.23,0,0.0,0.0,0.0,0.0,,,,,0.0,False,345.83,302.17,43.65999999999997,0.4,0.37,0,8,5,0,0,0,0,0,0,
1.79,0,0.0,0.0,0.0,0.0,,,,,0.0,False,340.91,302.15,38.76000000000005,0.4,0.37,0,8,5,0,0,0,0,0,0,
1.4,0,0.0,0.0,0.0,0.0,,,,,0.0,False,333.53,301.82,31.70999999999998,0.4,0.37,0,8,5,0,0,0,0,0,0,
1.08,0,0.0,0.0,0.0,0.0,,,,,0.0,False,334.11,302.01,32.10000000000002,0.4,0.37,0,8,5,0,0,0,0,0,0,
1.47,0,0.0,0.0,0.0,0.0,,,,,0.0,False,333.34,301.23,32.10999999999996,0.4,0.37,0,8,5,0,0,0,0,0,0,
5.38,0,0.0,0.0,0.0,0.0,,,,,0.0,False,330.24,297.29,32.94999999999999,0.4,0.37,0,8,5,0,0,0,0,0,0,
2.0,0,0.0,0.0,0.0,0.0,,,,,0.0,False,332.14,299.9,32.24000000000001,0.4,0.37,0,8,5,0,0,0,0,0,0,
1.74,0,0.0,0.0,0.0,0.0,,,,,0.0,False,333.28,301.89,31.389999999999986,0.38,0.36,0,8,5,0,0,0,0,0,0,
4.1,0,0.0,0.0,0.0,0.0,,,,,0.0,False,341.75,297.91,43.839999999999975,0.4,0.37,0,8,5,0,0,0,0,0,0,
3.52,0,1.0,4.4,4.4,1.0,,,,,1.0,True,340.77,299.6,41.16999999999996,0.4,0.37,0,8,5,0,0,0,0,0,0,
5.35,0,0.0,0.0,0.0,0.0,,,,,0.0,False,346.01,303.01,43.0,0.39,0.36,0,8,5,0,0,0,0,0,0,
6.82,0,0.0,0.0,0.0,0.0,,,,,0.0,False,341.49,306.21,35.28000000000003,0.39,0.36,0,8,5,0,0,0,0,0,0,
10.43,0,0.0,0.0,0.0,0.0,,,,,0.0,False,340.12,304.36,35.75999999999999,0.38,0.36,0,8,5,0,0,0,0,0,0,
2.98,0,0.0,0.0,0.0,0.0,,,,,0.0,False,346.57,300.54,46.02999999999997,0.39,0.36,0,8,5,0,0,0,0,0,0,
2.98,0,0.0,0.0,0.0,0.0,,,,,0.0,False,332.25,301.85,30.399999999999977,0.39,0.36,0,8,5,0,0,0,0,0,0,
4.71,0,0.0,0.0,0.0,0.0,,,,,0.0,False,341.88,304.07,37.81,0.38,0.36,0,8,5,0,0,0,0,0,0,
2.99,0,0.0,0.0,0.0,0.0,,,,,0.0,False,338.54,304.22,34.31999999999999,0.39,0.36,0,8,5,0,0,0,0,0,0,
3.75,1,1.0,0.93,0.93,1.0,,,,,1.0,True,339.03,308.06,30.96999999999997,0.4,0.37,0,8,5,0,0,0,0,0,0,
4.83,0,0.0,0.0,0.0,0.0,,,,,0.0,False,341.16,307.93,33.23000000000002,0.39,0.36,0,8,5,0,0,0,0,0,0,
7.94,1,0.0,0.0,0.0,0.0,,,,,0.0,False,345.45,309.27,36.18000000000001,0.4,0.37,0,8,5,0,0,0,0,0,0,
4.68,0,0.0,0.0,0.0,0.0,,,,,0.0,False,338.67,304.46,34.210000000000036,0.38,0.36,0,8,5,0,0,0,0,0,0,
1.41,0,0.0,0.0,0.0,0.0,,,,,0.0,False,335.47,290.73,44.74000000000001,0.39,0.36,0,8,5,0,0,0,0,0,0,
3.95,0,0.0,0.0,0.0,0.0,,,,,0.0,False,335.58,301.35,34.22999999999996,0.39,0.36,0,8,5,0,0,0,0,0,0,
2.96,0,0.0,0.0,0.0,0.0,,,,,0.0,False,330.2,299.24,30.95999999999998,0.38,0.36,0,8,5,0,0,0,0,0,0,
1.26,0,0.0,0.0,0.0,0.0,,,,,0.0,False,333.36,303.29,30.069999999999993,0.38,0.36,0,8,5,0,0,0,0,0,0,
4.31,0,0.0,0.0,0.0,0.0,,,,,0.0,False,331.4,301.09,30.310000000000002,0.38,0.36,0,8,5,0,0,0,0,0,0,
7.02,0,0.0,0.0,0.0,0.0,,,,,0.0,False,336.43,303.7,32.73000000000002,0.38,0.36,0,8,5,0,0,0,0,0,0,
3.38,0,0.0,0.0,0.0,0.0,,,,,0.0,False,338.07,300.9,37.170000000000016,0.39,0.36,0,8,5,0,0,0,0,0,0,
4.06,1,1.0,3.64,3.64,1.0,,,,,1.0,True,332.32,304.04,28.279999999999973,0.41,0.37,0,8,5,0,0,0,0,0,0,
5.26,1,0.0,0.0,0.0,0.0,,,,,0.0,False,334.31,305.24,29.069999999999993,0.41,0.37,0,8,5,0,0,0,0,0,0,
4.58,1,0.0,0.0,0.0,0.0,,,,,0.0,False,332.34,302.97,29.369999999999948,0.41,0.37,0,8,5,0,0,0,0,0,0,
2.67,1,0.0,0.0,0.0,0.0,,,,,0.0,False,330.17,302.1,28.069999999999993,0.41,0.37,0,8,5,0,0,0,0,0,0,
1.57,0,0.0,0.0,0.0,0.0,,,,,0.0,False,330.58,298.93,31.649999999999977,0.41,0.37,0,8,5,0,0,0,0,0,0,
4.73,0,0.0,0.0,0.0,0.0,,,,,0.0,False,335.18,305.77,29.410000000000025,0.41,0.37,0,8,5,0,0,0,0,0,0,
1.48,0,0.0,0.0,0.0,0.0,,,,,0.0,False,336.42,301.2,35.22000000000003,0.39,0.36,0,8,5,0,0,0,0,0,0,
4.15,1,0.0,0.0,0.0,0.0,,,,,0.0,False,331.23,302.64,28.590000000000032,0.41,0.37,0,8,5,0,0,0,0,0,0,
2.46,1,0.0,0.0,0.0,0.0,,,,,0.0,False,330.97,302.74,28.230000000000018,0.41,0.37,0,8,5,0,0,0,0,0,0,
3.12,1,0.0,0.0,0.0,0.0,,,,,0.0,False,333.98,306.22,27.75999999999999,0.38,0.36,0,8,5,0,0,0,0,0,0,
8.42,0,0.0,0.0,0.0,0.0,,,,,0.0,False,347.76,311.54,36.21999999999997,0.39,0.36,0,8,5,0,0,0,0,0,0,
7.01,0,0.0,0.0,0.0,0.0,,,,,0.0,False,345.01,307.45,37.56,0.39,0.36,0,8,5,0,0,0,0,0,0,
5.97,1,0.0,0.0,0.0,0.0,,,,,0.0,False,339.2,310.21,28.99000000000001,0.39,0.36,0,8,5,0,0,0,0,0,0,
5.39,0,0.0,0.0,0.0,0.0,,,,,0.0,False,339.09,302.05,37.039999999999964,0.4,0.37,0,8,5,0,0,0,0,0,0,
9.3,0,0.0,0.0,0.0,0.0,,,,,0.0,False,348.93,307.57,41.360000000000014,0.4,0.37,0,8,5,0,0,0,0,0,0,
9.37,0,0.0,0.0,0.0,0.0,,,,,0.0,False,351.03,305.22,45.809999999999945,0.39,0.36,0,8,5,0,0,0,0,0,0,
5.56,0,0.0,0.0,0.0,0.0,,,,,0.0,False,338.22,307.13,31.090000000000032,0.39,0.36,0,8,5,0,0,0,0,0,0,
4.51,0,0.0,0.0,0.0,0.0,,,,,0.0,False,341.72,307.25,34.47000000000003,0.39,0.37,0,8,5,0,0,0,0,0,0,
12.86,0,0.0,0.0,0.0,0.0,,,,,0.0,False,342.49,302.56,39.93000000000001,0.42,0.37,0,8,5,0,0,0,0,0,0,
6.63,0,0.0,0.0,0.0,0.0,,,,,0.0,False,332.81,299.7,33.110000000000014,0.42,0.37,0,8,5,0,0,0,0,0,0,
6.63,0,0.0,0.0,0.0,0.0,,,,,0.0,False,334.23,299.73,34.5,0.42,0.37,0,8,5,0,0,0,0,0,0,
2.28,1,0.0,0.0,0.0,0.0,,,,,0.0,False,333.14,301.11,32.02999999999997,0.4,0.37,0,8,5,0,0,0,0,0,0,
3.1,0,0.0,0.0,0.0,0.0,,,,,0.0,False,337.69,305.53,32.160000000000025,0.41,0.37,0,8,5,0,0,0,0,0,0,
3.54,0,0.0,0.0,0.0,0.0,,,,,0.0,False,341.44,306.16,35.27999999999997,0.39,0.37,0,8,5,0,0,0,0,0,0,
6.04,0,0.0,0.0,0.0,0.0,,,,,0.0,False,349.33,309.32,40.00999999999999,0.41,0.37,0,8,5,0,0,0,0,0,0,
6.04,0,0.0,0.0,0.0,0.0,,,,,0.0,False,337.92,306.41,31.50999999999999,0.41,0.37,0,8,5,0,0,0,0,0,0,
25.68,0,0.0,0.0,0.0,0.0,,920.5,,,0.0,False,353.09,310.85,42.23999999999995,0.41,0.37,0,8,5,0,0,0,1,0,1,
9.19,0,0.0,0.0,0.0,0.0,,,,,0.0,False,349.38,308.74,40.639999999999986,0.4,0.37,0,8,5,0,0,0,0,0,0,
2.89,0,0.0,0.0,0.0,0.0,,,,,0.0,False,333.16,295.4,37.76000000000005,0.43,0.38,0,8,5,0,0,0,0,0,0,
3.63,0,0.0,0.0,0.0,0.0,,,,,0.0,False,337.92,305.06,32.860000000000014,0.39,0.36,0,8,5,0,0,0,0,0,0,
7.62,0,0.0,0.0,0.0,0.0,,,,,0.0,False,337.72,303.89,33.83000000000004,0.39,0.36,0,8,5,0,0,0,0,0,0,
3.6,1,0.0,0.0,0.0,0.0,,,,,0.0,False,337.1,307.74,29.360000000000014,0.39,0.36,0,8,5,0,0,0,0,0,0,
5.59,1,10.0,1.606,5.97,7.0,252.1,,,2.5215279657193648,0.438,True,330.07,304.76,25.310000000000002,0.4,0.37,0,8,5,1,0,0,0,0,1,
5.73,1,8.0,1.7925,4.86,6.0,,,,3.0948000303941727,0.107,True,335.32,305.84,29.480000000000018,0.39,0.36,0,8,5,0,0,0,0,0,0,
3.25,1,8.0,1.7925,4.86,6.0,,,,1.1455672493459064,0.107,True,335.27,306.58,28.689999999999998,0.39,0.36,0,8,5,0,0,0,0,0,0,
3.25,1,29.0,2.530689655172414,8.44,16.0,,,,0.4297956394440722,0.276,True,333.69,301.98,31.70999999999998,0.39,0.36,0,8,5,0,0,0,0,0,0,
5.01,1,1.0,2.2,2.2,1.0,,,,,1.0,True,331.27,305.6,25.66999999999996,0.4,0.37,0,8,5,0,0,0,0,0,0,
8.29,0,1.0,0.8,0.8,1.0,,,,,1.0,True,338.75,306.89,31.860000000000014,0.39,0.36,0,8,5,0,0,0,0,0,0,
6.1,0,0.0,0.0,0.0,0.0,,,,,0.0,False,340.46,298.97,41.48999999999995,0.43,0.38,0,8,5,0,0,0,0,0,0,
5.98,0,0.0,0.0,0.0,0.0,,,,,0.0,False,342.13,305.39,36.74000000000001,0.4,0.37,0,8,5,0,0,0,0,0,0,
3.47,0,0.0,0.0,0.0,0.0,,,,,0.0,False,338.43,303.03,35.400000000000034,0.39,0.36,0,8,5,0,0,0,0,0,0,
3.19,1,0.0,0.0,0.0,0.0,,,,,0.0,False,332.99,303.61,29.379999999999995,0.4,0.37,0,8,5,0,0,0,0,0,0,
6.08,0,0.0,0.0,0.0,0.0,,,,,0.0,False,338.85,302.66,36.19,0.41,0.37,0,8,5,0,0,0,0,0,0,
9.8,0,0.0,0.0,0.0,0.0,,,,,0.0,False,340.2,305.37,34.829999999999984,0.41,0.37,0,8,5,0,0,0,0,0,0,
2.24,0,0.0,0.0,0.0,0.0,,,,,0.0,False,330.62,297.99,32.629999999999995,0.39,0.36,0,8,5,0,0,0,0,0,0,
3.85,0,0.0,0.0,0.0,0.0,,,,,0.0,False,334.76,302.36,32.39999999999998,0.39,0.36,0,8,5,0,0,0,0,0,0,
7.59,0,0.0,0.0,0.0,0.0,,,,,0.0,False,337.87,303.1,34.76999999999998,0.42,0.38,0,8,5,0,0,0,0,0,0,
2.49,0,0.0,0.0,0.0,0.0,,,,,0.0,False,339.27,302.22,37.049999999999955,0.39,0.36,0,8,5,0,0,0,0,0,0,
4.93,0,0.0,0.0,0.0,0.0,,,,,0.0,False,337.8,300.38,37.420000000000016,0.45,0.39,0,8,5,0,0,0,0,0,0,
3.25,0,0.0,0.0,0.0,0.0,,,,,0.0,False,337.28,303.58,33.69999999999999,0.42,0.38,0,8,5,0,0,0,0,0,0,
5.38,0,0.0,0.0,0.0,0.0,,,,,0.0,False,334.64,303.86,30.779999999999973,0.43,0.38,0,8,5,0,0,0,0,0,0,
3.19,0,0.0,0.0,0.0,0.0,,,,,0.0,False,334.28,299.48,34.799999999999955,0.39,0.36,0,8,5,0,0,0,0,0,0,
7.02,0,0.0,0.0,0.0,0.0,,,,,0.0,False,342.06,302.15,39.910000000000025,0.38,0.36,0,8,5,0,0,0,0,0,0,
3.15,0,0.0,0.0,0.0,0.0,,,,,0.0,False,332.78,301.37,31.409999999999968,0.44,0.38,0,8,5,0,0,0,0,0,0,
3.91,0,0.0,0.0,0.0,0.0,,,,,0.0,False,334.67,300.67,34.0,0.4,0.37,0,8,5,0,0,0,0,0,0,
6.23,1,0.0,0.0,0.0,0.0,,,,,0.0,False,339.69,307.83,31.860000000000014,0.4,0.37,0,8,5,0,0,0,0,0,0,
4.9,1,0.0,0.0,0.0,0.0,,,,,0.0,False,332.56,298.09,34.47000000000003,0.49,0.4,0,8,5,0,0,0,0,0,0,
6.04,0,10.0,1.6350000000000002,2.41,5.0,49.6,,,8.547983480886382,0.085,True,334.75,295.4,39.35000000000002,0.4,0.44,0,8,5,1,0,0,0,0,1,
4.75,0,10.0,1.6350000000000002,2.41,5.0,49.6,,,6.044714765711936,0.085,True,333.53,295.65,37.879999999999995,0.4,0.44,0,8,5,1,0,0,0,0,1,
6.34,0,13.0,2.730769230769231,5.16,8.0,,,,3.040446889637897,0.216,True,330.54,293.37,37.170000000000016,0.63,0.54,0,8,5,0,0,0,0,0,0,
3.52,0,9.0,2.0677777777777777,8.4,6.0,,,,0.5988446242304213,0.162,True,333.23,295.0,38.23000000000002,0.33,0.55,0,8,5,0,0,0,0,0,0,
6.38,0,8.0,2.86375,7.94,6.0,,,,1.5432460828946253,0.128,True,331.63,295.36,36.26999999999998,0.32,0.55,0,8,5,0,0,0,0,0,0,
4.32,0,1.0,0.74,0.74,1.0,,,,,1.0,True,333.4,295.34,38.06,0.32,0.55,0,8,5,0,0,0,0,0,0,
4.26,0,23.0,2.6769565217391302,8.43,8.0,,,,0.8022736584185894,0.211,True,345.88,295.24,50.639999999999986,0.33,0.55,0,8,5,0,0,0,0,0,0,
4.26,0,17.0,2.751176470588235,9.11,7.0,,,,0.7085739616405247,0.117,True,330.55,294.23,36.31999999999999,0.33,0.55,0,8,5,0,0,0,0,0,0,
3.48,0,23.0,2.6769565217391302,8.43,8.0,,,,0.4069759536114076,0.211,True,333.03,294.32,38.70999999999998,0.33,0.55,0,8,5,0,0,0,0,0,0,
7.04,0,25.0,6.1408000000000005,42.02,18.0,,,,0.1065761236683403,0.305,True,336.44,281.68,54.75999999999999,0.47,0.4,0,8,5,0,0,0,0,0,0,
5.4,0,14.0,3.3428571428571425,5.71,7.0,,,,1.3924014796105493,0.189,True,331.26,293.72,37.539999999999964,0.55,0.51,0,8,5,0,0,0,0,0,0,
5.4,0,27.0,4.3566666666666665,13.51,8.0,,,,0.3356567956332224,0.216,True,341.98,294.07,47.910000000000025,0.55,0.51,0,8,5,0,0,0,0,0,0,
13.65,0,6.0,3.62,6.71,5.0,,,,6.104606268872803,0.135,True,343.02,293.86,49.15999999999997,0.55,0.51,0,8,5,0,0,0,0,0,0,
11.19,0,5.0,3.638,10.06,3.0,,,,1.973607295662422,0.111,True,336.65,294.06,42.589999999999975,0.55,0.51,0,8,5,0,0,0,0,0,0,
7.73,0,10.0,2.214,3.45,5.0,804.4,1012.8,,8.400930866659817,0.122,True,334.17,294.02,40.150000000000034,0.51,0.49,0,8,5,1,0,0,1,0,1,
6.49,0,30.0,2.945,7.49,13.0,,,,1.8078497046831024,0.361,True,333.8,290.72,43.079999999999984,0.46,0.64,0,8,5,0,0,0,0,0,0,
2.4,0,0.0,0.0,0.0,0.0,,,,,0.0,False,338.61,298.65,39.960000000000036,0.44,0.46,0,8,5,0,0,0,0,0,0,
8.81,0,15.0,2.926,8.3,9.0,,,,2.58269052634663,0.155,True,331.16,291.17,39.99000000000001,0.42,0.61,0,8,5,0,0,0,0,0,0,
5.0,0,24.0,2.7245833333333334,8.89,10.0,,,,0.8889649946955007,0.294,True,328.02,290.43,37.589999999999975,0.42,0.61,0,8,5,0,0,0,0,0,0,
3.33,0,21.0,2.818095238095238,6.64,13.0,,,,0.3484743979972211,0.325,True,333.13,290.42,42.70999999999998,0.42,0.61,0,8,5,0,0,0,0,0,0,
4.62,0,38.0,2.205,7.66,16.0,,,,1.6473419993846177,0.356,True,331.56,290.06,41.5,0.42,0.61,0,8,5,0,0,0,0,0,0,
4.93,0,38.0,2.205,7.66,16.0,,,,1.858802048995065,0.356,True,328.16,289.56,38.60000000000002,0.42,0.61,0,8,5,0,0,0,0,0,0,
4.76,0,12.0,1.7916666666666667,5.5,10.0,,,,2.3205581948192533,0.256,True,333.73,292.06,41.670000000000016,0.37,0.58,0,8,5,0,0,0,0,0,0,
4.34,0,0.0,0.0,0.0,0.0,,,,,0.0,False,345.47,300.17,45.30000000000001,0.41,0.45,0,8,5,0,0,0,0,0,0,
2.55,0,0.0,0.0,0.0,0.0,,,,,0.0,False,335.72,301.07,34.650000000000034,0.38,0.36,0,8,5,0,0,0,0,0,0,
8.31,1,0.0,0.0,0.0,0.0,,,,,0.0,False,332.22,305.13,27.090000000000032,0.38,0.36,0,8,5,0,0,0,0,0,0,
5.02,1,0.0,0.0,0.0,0.0,,,,,0.0,False,330.49,300.9,29.590000000000032,0.38,0.36,0,8,5,0,0,0,0,0,0,
4.89,1,0.0,0.0,0.0,0.0,,,,,0.0,False,330.57,303.89,26.680000000000007,0.38,0.36,0,8,5,0,0,0,0,0,0,
4.59,0,0.0,0.0,0.0,0.0,,,,,0.0,False,335.64,295.18,40.45999999999998,0.4,0.37,0,8,5,0,0,0,0,0,0,
4.36,0,0.0,0.0,0.0,0.0,,,,,0.0,False,340.17,298.88,41.29000000000002,0.39,0.36,0,8,5,0,0,0,0,0,0,
3.05,0,0.0,0.0,0.0,0.0,,,,,0.0,False,335.65,297.0,38.64999999999998,0.39,0.36,0,8,5,0,0,0,0,0,0,
3.05,0,0.0,0.0,0.0,0.0,,,,,0.0,False,339.02,296.12,42.89999999999998,0.39,0.36,0,8,5,0,0,0,0,0,0,
1.12,0,0.0,0.0,0.0,0.0,,,,,0.0,False,301.43,288.7,12.730000000000018,0.54,0.42,1,19,5,0,0,0,0,0,0,
3.35,0,3.0,1.2966666666666666,1.6,3.0,,,,7.704214394936122,0.167,True,311.4,285.76,25.639999999999986,0.73,0.76,1,19,5,0,0,0,0,0,0,
4.57,0,30.0,2.945,7.49,13.0,,,,0.8287040254189117,0.361,True,315.33,285.35,29.97999999999996,0.7,0.75,1,19,5,0,0,0,0,0,0,
3.53,0,30.0,2.945,7.49,13.0,,,,0.2983334491508081,0.361,True,312.79,285.85,26.939999999999998,0.7,0.75,1,19,5,0,0,0,0,0,0,
3.82,0,4.0,1.34,2.3,3.0,,,,3.347482017233649,0.107,True,311.64,285.12,26.519999999999982,0.72,0.76,1,19,5,0,0,0,0,0,0,
4.18,0,14.0,3.362142857142857,6.46,6.0,,,,0.4532139461392006,0.286,True,305.77,285.16,20.609999999999957,0.72,0.76,1,19,5,0,0,0,0,0,0,
1.33,0,9.0,1.7433333333333332,3.56,7.0,,,,-0.3965067568773895,0.2,True,303.11,285.37,17.74000000000001,0.77,0.77,1,19,5,0,0,0,0,0,0,
1.48,0,9.0,1.6822222222222225,4.59,7.0,,,,-0.1343492965718177,0.171,True,306.2,285.59,20.610000000000014,0.73,0.76,1,19,5,0,0,0,0,0,0,
2.7,0,16.0,1.42125,3.42,8.0,,,,1.392163795344654,0.211,True,306.73,285.17,21.560000000000002,0.73,0.76,1,19,5,0,0,0,0,0,0,
4.15,0,16.0,1.42125,3.42,8.0,,,,2.970765948423636,0.211,True,309.44,285.14,24.30000000000001,0.74,0.76,1,19,5,0,0,0,0,0,0,
2.7,0,2.0,1.11,1.59,1.0,,,,2.3422912126804385,1.0,True,308.23,285.22,23.00999999999999,0.73,0.76,1,19,5,0,0,0,0,0,0,
4.09,0,1.0,0.63,0.63,1.0,,,,,1.0,True,302.82,285.1,17.71999999999997,0.74,0.76,1,19,5,0,0,0,0,0,0,
2.34,0,0.0,0.0,0.0,0.0,,,,,0.0,False,307.5,289.41,18.089999999999975,0.57,0.43,1,19,5,0,0,0,0,0,0,
2.34,0,0.0,0.0,0.0,0.0,,,,,0.0,False,308.39,289.6,18.789999999999964,0.57,0.43,1,19,5,0,0,0,0,0,0,
2.13,0,0.0,0.0,0.0,0.0,,,,,0.0,False,306.04,289.54,16.5,0.57,0.43,1,19,5,0,0,0,0,0,0,
2.13,0,0.0,0.0,0.0,0.0,,,,,0.0,False,308.77,289.73,19.039999999999964,0.57,0.43,1,19,5,0,0,0,0,0,0,
0.88,0,6.0,3.301666666666667,5.5,5.0,,,,-1.3761298675677285,0.152,True,312.67,292.14,20.53000000000003,0.39,0.36,1,20,5,0,0,0,0,0,0,
0.57,0,4.0,0.675,1.01,4.0,,,,-0.3714632972805435,0.167,True,306.11,290.29,15.819999999999993,0.4,0.37,1,20,5,0,0,0,0,0,0,
1.04,0,6.0,1.4216666666666666,2.73,5.0,,,,-0.4568265492373693,0.417,True,308.97,293.28,15.690000000000055,0.5,0.41,1,20,5,0,0,0,0,0,0,
0.92,0,5.0,3.132,4.06,4.0,,,,-1.9314763085324969,0.182,True,307.41,293.36,14.050000000000011,0.5,0.41,1,20,5,0,0,0,0,0,0,
0.8,0,11.0,1.3436363636363635,3.45,11.0,315.2,,,-0.5315620655900996,0.458,True,305.9,289.53,16.370000000000005,0.5,0.49,1,20,5,1,0,0,0,0,1,
0.66,0,1.0,0.73,0.73,1.0,,,,,1.0,True,303.68,291.08,12.600000000000023,0.45,0.47,1,20,5,0,0,0,0,0,0,
1.37,0,7.0,1.4728571428571429,2.19,5.0,,,,-0.2331505648085081,0.122,True,303.76,290.62,13.139999999999986,0.37,0.58,1,20,5,0,0,0,0,0,0,
2.21,0,6.0,1.295,2.54,6.0,,,,1.1722775651228103,0.143,True,309.76,294.41,15.349999999999966,0.49,0.4,1,20,5,0,0,0,0,0,0,
2.19,0,3.0,1.5633333333333337,1.61,3.0,233.7,,,13.89735989394596,0.333,True,305.47,292.31,13.160000000000025,0.43,0.38,1,20,5,1,0,0,0,0,1,
1.14,0,4.0,0.7075,1.0,4.0,,,,1.4144892812989804,0.091,True,307.17,291.66,15.509999999999991,0.43,0.38,1,20,5,0,0,0,0,0,0,
0.73,0,11.0,0.9936363636363637,1.71,8.0,,,,-0.5684069929041503,0.151,True,305.39,292.09,13.300000000000011,0.42,0.38,1,20,5,0,0,0,0,0,0,
1.64,0,10.0,1.606,5.97,7.0,252.1,,,0.0215190639644725,0.438,True,314.2,292.21,21.99000000000001,0.41,0.37,1,20,5,1,0,0,0,0,1,
0.73,0,11.0,0.9936363636363637,1.71,8.0,,,,-0.5684069929041503,0.151,True,306.65,292.39,14.259999999999991,0.42,0.38,1,20,5,0,0,0,0,0,0,
0.76,0,10.0,1.606,5.97,7.0,252.1,,,-0.5354449445277566,0.438,True,305.11,291.53,13.580000000000041,0.41,0.37,1,20,5,1,0,0,0,0,1,
2.3,0,13.0,1.576153846153846,3.3,9.0,,,,0.8123234818590885,0.17,True,319.54,292.3,27.24000000000001,0.42,0.38,1,20,5,0,0,0,0,0,0,
1.17,0,0.0,0.0,0.0,0.0,,,,,0.0,False,305.76,292.15,13.610000000000014,0.42,0.38,1,20,5,0,0,0,0,0,0,
2.58,0,2.0,0.8049999999999999,0.82,2.0,596.0,,,83.67430244040852,0.4,True,305.64,291.85,13.789999999999964,0.43,0.38,1,20,5,1,0,0,0,0,1,
1.51,0,29.0,2.530689655172414,8.44,16.0,,,,-0.6098730070730843,0.276,True,312.27,293.05,19.21999999999997,0.42,0.38,1,20,5,0,0,0,0,0,0,
1.16,0,19.0,1.9936842105263155,3.51,15.0,,,,-0.9581788737748944,0.254,True,306.33,291.78,14.550000000000011,0.42,0.38,1,20,5,0,0,0,0,0,0,
1.48,0,17.0,1.2576470588235291,2.62,13.0,,,,0.3424386142656939,0.224,True,306.89,292.02,14.870000000000005,0.44,0.38,1,20,5,0,0,0,0,0,0,
1.51,0,29.0,2.530689655172414,8.44,16.0,,,,-0.6098730070730843,0.276,True,308.24,292.41,15.829999999999984,0.42,0.38,1,20,5,0,0,0,0,0,0,
1.51,0,29.0,2.530689655172414,8.44,16.0,,,,-0.6098730070730843,0.276,True,318.32,293.73,24.589999999999975,0.42,0.38,1,20,5,0,0,0,0,0,0,
2.25,0,19.0,1.9936842105263155,3.51,15.0,,,,0.2945916108133675,0.254,True,308.7,293.14,15.560000000000002,0.42,0.38,1,20,5,0,0,0,0,0,0,
1.47,0,17.0,1.2576470588235291,2.62,13.0,,,,0.3270379358463373,0.224,True,307.02,291.83,15.189999999999998,0.44,0.38,1,20,5,0,0,0,0,0,0,
1.48,0,29.0,2.530689655172414,8.44,16.0,,,,-0.6277983285647595,0.276,True,307.28,292.43,14.849999999999966,0.42,0.38,1,20,5,0,0,0,0,0,0,
1.48,0,31.0,2.076129032258065,5.17,16.0,,,,-0.5918541643127668,0.276,True,318.33,292.33,26.0,0.42,0.38,1,20,5,0,0,0,0,0,0,
1.48,0,31.0,2.076129032258065,5.17,16.0,,,,-0.5918541643127668,0.276,True,309.32,291.73,17.589999999999975,0.42,0.38,1,20,5,0,0,0,0,0,0,
1.39,0,1.0,2.2,2.2,1.0,,,,,1.0,True,313.8,292.18,21.620000000000005,0.41,0.37,1,20,5,0,0,0,0,0,0,
1.58,0,0.0,0.0,0.0,0.0,,,,,0.0,False,306.13,292.46,13.670000000000016,0.42,0.38,1,20,5,0,0,0,0,0,0,
1.06,0,4.0,1.1,1.96,4.0,,,,-0.0697580106415156,0.333,True,308.86,291.56,17.30000000000001,0.43,0.38,1,20,5,0,0,0,0,0,0,
1.06,0,4.0,1.1,1.96,4.0,,,,-0.0697580106415156,0.333,True,305.38,291.57,13.810000000000002,0.43,0.38,1,20,5,0,0,0,0,0,0,
0.72,0,2.0,0.605,0.69,2.0,,,,0.9566738804288588,0.2,True,303.55,291.33,12.220000000000027,0.41,0.37,1,20,5,0,0,0,0,0,0,
0.61,0,1.0,0.59,0.59,1.0,,,,,1.0,True,302.96,290.92,12.039999999999964,0.41,0.37,1,20,5,0,0,0,0,0,0,
0.84,0,7.0,1.0814285714285714,1.19,7.0,,,,-2.7667765115398018,0.121,True,303.39,291.01,12.379999999999995,0.41,0.37,1,20,5,0,0,0,0,0,0,
0.84,0,0.0,0.0,0.0,0.0,,,,,0.0,False,312.29,291.87,20.420000000000016,0.41,0.37,1,20,5,0,0,0,0,0,0,
0.59,0,7.0,1.1214285714285714,1.8,5.0,,,,-1.2292031149714897,0.132,True,308.41,289.16,19.25,0.39,0.36,1,20,5,0,0,0,0,0,0,
0.59,0,7.0,1.1214285714285714,1.8,5.0,,,,-1.2292031149714897,0.132,True,304.12,290.25,13.870000000000005,0.39,0.36,1,20,5,0,0,0,0,0,0,
1.56,0,4.0,0.615,0.97,4.0,,,,3.5209921144032634,0.089,True,306.26,293.0,13.259999999999991,0.42,0.38,1,20,5,0,0,0,0,0,0,
1.68,0,0.0,0.0,0.0,0.0,,,,,0.0,False,308.39,292.92,15.46999999999997,0.42,0.38,1,20,5,0,0,0,0,0,0,
2.84,0,14.0,2.8285714285714287,5.27,11.0,,,,0.0064349214227793,0.224,True,311.25,289.69,21.560000000000002,0.6,0.53,1,20,5,0,0,0,0,0,0,
2.84,0,5.0,2.208,3.29,5.0,,,,0.5250701821045851,0.106,True,310.53,289.95,20.579999999999984,0.6,0.53,1,20,5,0,0,0,0,0,0,
1.26,0,9.0,2.376666666666667,6.47,6.0,,,,-0.5816583670965421,0.188,True,302.11,285.82,16.29000000000002,0.42,0.45,1,20,5,0,0,0,0,0,0,
0.83,0,0.0,0.0,0.0,0.0,,,,,0.0,False,310.8,290.71,20.090000000000032,0.38,0.36,1,20,5,0,0,0,0,0,0,
1.38,0,5.0,2.12,2.83,3.0,,,,-1.0935098214761545,0.088,True,300.22,276.32,23.900000000000034,0.36,0.57,1,20,5,0,0,0,0,0,0,
2.35,0,17.0,3.313529411764706,9.07,9.0,,,,-0.3952024844563429,0.15,True,308.35,287.49,20.860000000000014,0.35,0.57,1,20,5,0,0,0,0,0,0,
4.69,0,6.0,4.7316666666666665,9.54,5.0,,,,-0.0168524244650747,0.139,True,334.7,287.79,46.90999999999997,0.35,0.57,1,20,5,0,0,0,0,0,0,
2.3,0,2.0,1.515,1.63,2.0,,,,4.826772375925564,0.059,True,310.73,288.14,22.590000000000032,0.35,0.57,1,20,5,0,0,0,0,0,0,
1.56,0,13.0,2.730769230769231,5.16,8.0,,,,-0.9862660200402557,0.216,True,332.66,288.66,44.0,0.34,0.56,1,20,5,0,0,0,0,0,0,
2.97,0,13.0,2.730769230769231,5.16,8.0,,,,0.2015300474589485,0.216,True,316.71,288.39,28.319999999999993,0.34,0.56,1,20,5,0,0,0,0,0,0,
1.56,0,9.0,2.6222222222222222,3.63,4.0,,,,-2.449380533788601,0.108,True,308.75,288.98,19.769999999999982,0.34,0.56,1,20,5,0,0,0,0,0,0,
1.56,0,9.0,2.6222222222222222,3.63,4.0,,,,-2.449380533788601,0.108,True,305.14,288.57,16.569999999999993,0.34,0.56,1,20,5,0,0,0,0,0,0,
1.67,0,0.0,0.0,0.0,0.0,,,,,0.0,False,305.67,288.63,17.04000000000002,0.34,0.56,1,20,5,0,0,0,0,0,0,
1.67,0,3.0,2.03,3.33,3.0,,,,-0.3169623262772244,0.05,True,325.41,288.97,36.44,0.34,0.56,1,20,5,0,0,0,0,0,0,
4.04,0,22.0,2.271818181818182,4.92,8.0,,,,1.7342131132369407,0.163,True,315.49,289.05,26.439999999999998,0.39,0.6,1,20,5,0,0,0,0,0,0,
4.04,0,7.0,1.9514285714285715,2.7,6.0,,,,3.4315152138107226,0.122,True,320.13,288.64,31.49000000000001,0.39,0.6,1,20,5,0,0,0,0,0,0,
1.33,0,1.0,1.52,1.52,1.0,,,,,1.0,True,305.69,288.22,17.46999999999997,0.34,0.56,1,20,5,0,0,0,0,0,0,
1.61,0,1.0,1.52,1.52,1.0,,,,,1.0,True,303.16,288.16,15.0,0.34,0.56,1,20,5,0,0,0,0,0,0,
3.85,0,2.0,1.66,2.12,2.0,,,,3.366443153909868,0.041,True,327.32,288.37,38.94999999999999,0.39,0.59,1,20,5,0,0,0,0,0,0,
1.67,0,9.0,2.0677777777777777,8.4,6.0,,,,-0.1640293614954023,0.162,True,314.48,287.6,26.879999999999995,0.35,0.57,1,20,5,0,0,0,0,0,0,
4.52,0,6.0,1.8316666666666668,5.19,3.0,,,,1.5807664312680092,0.081,True,315.38,287.37,28.00999999999999,0.35,0.57,1,20,5,0,0,0,0,0,0,
2.04,0,8.0,2.86375,7.94,6.0,,,,-0.361535431435321,0.128,True,303.06,285.55,17.50999999999999,0.35,0.57,1,20,5,0,0,0,0,0,0,
2.04,0,23.0,2.6769565217391302,8.43,8.0,,,,-0.322804424494159,0.211,True,305.85,286.58,19.27000000000004,0.35,0.56,1,20,5,0,0,0,0,0,0,
2.55,0,14.0,2.7328571428571427,7.71,6.0,,,,-0.0987281679615896,0.122,True,329.65,288.87,40.77999999999997,0.39,0.59,1,20,5,0,0,0,0,0,0,
1.93,0,3.0,1.893333333333333,3.57,3.0,,,,0.0252445678712879,0.375,True,307.29,287.47,19.819999999999993,0.35,0.56,1,20,5,0,0,0,0,0,0,
2.55,0,14.0,2.7328571428571427,7.71,6.0,,,,-0.0987281679615896,0.122,True,319.76,288.78,30.980000000000018,0.39,0.59,1,20,5,0,0,0,0,0,0,
1.67,0,3.0,1.64,2.37,3.0,,,,0.0373630584758414,0.143,True,309.58,288.0,21.579999999999984,0.35,0.57,1,20,5,0,0,0,0,0,0,
2.87,0,1.0,0.74,0.74,1.0,,,,,1.0,True,307.93,288.01,19.920000000000016,0.35,0.56,1,20,5,0,0,0,0,0,0,
5.08,0,1.0,0.74,0.74,1.0,,,,,1.0,True,339.81,288.69,51.120000000000005,0.35,0.56,1,20,5,0,0,0,0,0,0,
4.27,0,17.0,2.751176470588235,9.11,7.0,,,,0.713270163335608,0.117,True,318.77,288.11,30.659999999999968,0.35,0.57,1,20,5,0,0,0,0,0,0,
2.04,0,23.0,2.6769565217391302,8.43,8.0,,,,-0.322804424494159,0.211,True,335.81,288.32,47.49000000000001,0.35,0.57,1,20,5,0,0,0,0,0,0,
2.55,0,14.0,2.7328571428571427,7.71,6.0,,,,-0.0987281679615896,0.122,True,327.75,289.02,38.73000000000002,0.39,0.59,1,20,5,0,0,0,0,0,0,
2.55,0,14.0,2.7328571428571427,7.71,6.0,,,,-0.0987281679615896,0.122,True,305.74,289.26,16.480000000000018,0.39,0.59,1,20,5,0,0,0,0,0,0,
5.04,0,9.0,1.3544444444444443,2.6,5.0,,,,6.203173104215586,0.102,True,307.13,288.82,18.310000000000002,0.39,0.59,1,20,5,0,0,0,0,0,0,
1.44,0,23.0,2.6769565217391302,8.43,8.0,,,,-0.6268795820381452,0.211,True,310.9,287.89,23.00999999999999,0.35,0.57,1,20,5,0,0,0,0,0,0,
1.44,0,7.0,1.6614285714285713,3.04,4.0,,,,-0.2766457800856693,0.222,True,311.04,287.42,23.620000000000005,0.35,0.56,1,20,5,0,0,0,0,0,0,
1.86,0,7.0,1.6614285714285713,3.04,4.0,,,,0.2480887963348911,0.222,True,307.05,287.84,19.210000000000036,0.35,0.56,1,20,5,0,0,0,0,0,0,
1.68,0,4.0,3.64,8.26,4.0,,,,-0.6349440331759042,0.16,True,310.46,288.32,22.139999999999986,0.35,0.56,1,20,5,0,0,0,0,0,0,
2.12,0,4.0,1.9025,2.63,4.0,,,,0.411164873503191,0.16,True,306.72,288.96,17.760000000000048,0.35,0.56,1,20,5,0,0,0,0,0,0,
1.44,0,4.0,1.9025,2.63,4.0,,,,-0.8743161103228761,0.16,True,304.37,287.74,16.629999999999995,0.35,0.56,1,20,5,0,0,0,0,0,0,
3.58,0,4.0,0.875,1.34,3.0,,,,7.384905706787096,0.143,True,306.67,288.82,17.850000000000023,0.39,0.59,1,20,5,0,0,0,0,0,0,
1.04,0,4.0,1.065,1.64,4.0,,,,-0.055711675285515,0.111,True,306.77,287.46,19.310000000000002,0.45,0.39,1,20,5,0,0,0,0,0,0,
1.82,0,2.0,1.05,1.36,1.0,,,,1.7563620048827149,1.0,True,298.05,285.6,12.449999999999989,0.43,0.46,1,20,5,0,0,0,0,0,0,
1.69,0,1.0,0.61,0.61,1.0,,,,,1.0,True,301.33,286.98,14.349999999999966,0.34,0.56,1,20,5,0,0,0,0,0,0,
3.01,0,2.0,1.58,1.66,1.0,1261.4,,,12.63953371370953,1.0,True,304.19,288.58,15.610000000000014,0.63,0.54,1,20,5,1,0,0,0,0,1,
0.71,0,3.0,1.873333333333333,2.84,3.0,,,,-1.3081624808182597,0.091,True,305.49,288.62,16.870000000000005,0.45,0.63,1,20,5,0,0,0,0,0,0,
1.12,0,16.0,1.446875,4.8,12.0,,,,-0.2892167362850929,0.279,True,309.38,289.41,19.96999999999997,0.42,0.61,1,20,5,0,0,0,0,0,0,
1.39,0,6.0,2.57,3.59,5.0,,,,-1.2080124331875235,0.208,True,305.66,288.63,17.03000000000003,0.44,0.62,1,20,5,0,0,0,0,0,0,
1.12,0,3.0,1.2966666666666666,1.6,3.0,,,,-0.6628626021617112,0.167,True,313.72,289.89,23.83000000000004,0.42,0.61,1,20,5,0,0,0,0,0,0,
2.06,0,14.0,2.421428571428572,7.65,13.0,,,,-0.2001116883714717,0.361,True,309.19,288.63,20.560000000000002,0.44,0.62,1,20,5,0,0,0,0,0,0,
2.1,0,14.0,2.421428571428572,7.65,13.0,,,,-0.1779649402513088,0.361,True,310.24,288.1,22.139999999999986,0.44,0.62,1,20,5,0,0,0,0,0,0,
1.67,0,14.0,2.421428571428572,7.65,13.0,,,,-0.41604248254306,0.361,True,309.34,286.86,22.47999999999996,0.44,0.62,1,20,5,0,0,0,0,0,0,
0.53,0,14.0,2.421428571428572,7.65,13.0,,,,-1.0472248039677023,0.361,True,304.62,284.39,20.230000000000018,0.44,0.62,1,20,5,0,0,0,0,0,0,
1.08,0,30.0,2.945,7.49,13.0,,,,-0.9510972353269352,0.361,True,307.02,284.97,22.049999999999955,0.44,0.62,1,20,5,0,0,0,0,0,0,
2.47,0,30.0,2.945,7.49,13.0,,,,-0.242236561276297,0.361,True,318.15,285.4,32.75,0.44,0.62,1,20,5,0,0,0,0,0,0,
1.08,0,30.0,2.945,7.49,13.0,,,,-0.9510972353269352,0.361,True,308.18,284.46,23.720000000000027,0.44,0.62,1,20,5,0,0,0,0,0,0,
1.39,0,6.0,2.64,4.4,5.0,,,,-1.1629039117868512,0.139,True,310.28,288.88,21.399999999999977,0.36,0.57,1,20,5,0,0,0,0,0,0,
1.32,0,6.0,2.64,4.4,5.0,,,,-1.2280265308469147,0.139,True,307.13,288.97,18.159999999999968,0.36,0.57,1,20,5,0,0,0,0,0,0,
1.39,0,6.0,2.64,4.4,5.0,,,,-1.1629039117868512,0.139,True,312.43,288.9,23.53000000000003,0.36,0.57,1,20,5,0,0,0,0,0,0,
1.32,0,6.0,2.64,4.4,5.0,,,,-1.2280265308469147,0.139,True,315.04,289.31,25.730000000000018,0.36,0.57,1,20,5,0,0,0,0,0,0,
1.6,0,2.0,1.5699999999999998,1.65,2.0,260.7,,,0.2651650429449574,0.667,True,307.27,289.17,18.099999999999966,0.36,0.57,1,20,5,1,0,0,0,0,1,
1.64,0,2.0,1.5699999999999998,1.65,2.0,260.7,,,0.6187184335382294,0.667,True,307.09,289.03,18.060000000000002,0.36,0.57,1,20,5,1,0,0,0,0,1,
0.78,0,3.0,1.35,1.66,2.0,,,,-2.093947321356338,0.333,True,305.92,288.9,17.02000000000004,0.36,0.57,1,20,5,0,0,0,0,0,0,
0.63,0,3.0,0.8433333333333333,1.21,3.0,,,,-0.5922879960201206,0.079,True,304.85,288.86,15.990000000000009,0.36,0.57,1,20,5,0,0,0,0,0,0,
2.71,0,11.0,1.071818181818182,3.0,7.0,,,,2.1530131729688287,0.25,True,336.36,289.55,46.81,0.37,0.58,1,20,5,0,0,0,0,0,0,
2.71,0,13.0,1.75,3.88,8.0,,,,0.7344561297412867,0.195,True,309.19,289.34,19.850000000000023,0.37,0.58,1,20,5,0,0,0,0,0,0,
1.26,0,13.0,1.75,3.88,8.0,,,,-0.3748786495554485,0.195,True,306.0,289.8,16.19999999999999,0.37,0.58,1,20,5,0,0,0,0,0,0,
1.26,0,13.0,1.75,3.88,8.0,,,,-0.3748786495554485,0.195,True,308.1,289.55,18.55000000000001,0.37,0.58,1,20,5,0,0,0,0,0,0,
1.44,0,4.0,2.505,6.95,4.0,,,,-0.3554617419014675,0.174,True,308.81,288.97,19.839999999999975,0.37,0.58,1,20,5,0,0,0,0,0,0,
1.44,0,4.0,2.505,6.95,4.0,,,,-0.3554617419014675,0.174,True,319.84,288.96,30.879999999999995,0.37,0.58,1,20,5,0,0,0,0,0,0,
2.09,0,7.0,1.7285714285714284,2.5,6.0,,,,0.7624425757515654,0.261,True,314.38,289.31,25.069999999999993,0.36,0.58,1,20,5,0,0,0,0,0,0,
1.62,0,6.0,1.695,2.83,6.0,,,,-0.1186640532500562,0.24,True,318.0,289.02,28.980000000000018,0.36,0.57,1,20,5,0,0,0,0,0,0,
0.9,0,6.0,1.695,2.83,6.0,,,,-1.2578389644505965,0.24,True,304.88,288.81,16.069999999999993,0.36,0.57,1,20,5,0,0,0,0,0,0,
0.9,0,6.0,1.695,2.83,6.0,,,,-1.2578389644505965,0.24,True,308.9,288.82,20.079999999999984,0.36,0.57,1,20,5,0,0,0,0,0,0,
0.53,0,0.0,0.0,0.0,0.0,,,,,0.0,False,301.35,280.35,21.0,0.37,0.58,1,20,5,0,0,0,0,0,0,
0.32,0,21.0,2.059047619047619,5.48,8.0,,,,-1.1813595974980915,0.2,True,299.87,274.08,25.79000000000002,0.32,0.54,1,20,5,0,0,0,0,0,0,
0.32,0,21.0,2.059047619047619,5.48,8.0,,,,-1.1813595974980915,0.2,True,299.05,271.74,27.310000000000002,0.32,0.54,1,20,5,0,0,0,0,0,0,
1.06,0,4.0,1.065,1.28,4.0,,,,-0.0250522466609579,0.174,True,307.41,283.93,23.480000000000018,0.32,0.55,1,20,5,0,0,0,0,0,0,
1.23,0,4.0,1.065,1.28,4.0,,,,0.8267241398116307,0.174,True,303.09,285.19,17.899999999999977,0.32,0.55,1,20,5,0,0,0,0,0,0,
2.21,0,9.0,1.6822222222222225,4.59,7.0,,,,0.3506369003934802,0.171,True,305.04,280.27,24.77000000000004,0.41,0.6,1,20,5,0,0,0,0,0,0,
2.85,0,5.0,1.7,2.97,4.0,,,,1.010074612709435,0.138,True,309.16,280.21,28.950000000000045,0.41,0.6,1,20,5,0,0,0,0,0,0,
1.1,0,23.0,2.267391304347826,7.7,10.0,,,,-0.738832094269234,0.196,True,305.12,277.3,27.819999999999993,0.35,0.57,1,20,5,0,0,0,0,0,0,
3.47,0,34.0,2.769117647058824,9.1,11.0,,,,0.3126145407754861,0.268,True,311.12,288.74,22.379999999999995,0.36,0.58,1,20,5,0,0,0,0,0,0,
1.9,0,34.0,2.769117647058824,9.1,11.0,,,,-0.3876525253846254,0.268,True,308.56,288.37,20.189999999999998,0.36,0.58,1,20,5,0,0,0,0,0,0,
1.9,0,15.0,2.926,8.3,9.0,,,,-0.4503467845057177,0.155,True,310.41,287.59,22.82000000000005,0.36,0.58,1,20,5,0,0,0,0,0,0,
0.93,0,23.0,2.267391304347826,7.7,10.0,,,,-0.8464236580901914,0.196,True,301.32,274.43,26.889999999999986,0.35,0.57,1,20,5,0,0,0,0,0,0,
4.39,0,15.0,2.926,8.3,9.0,,,,0.642600090171901,0.155,True,317.36,287.63,29.730000000000018,0.36,0.58,1,20,5,0,0,0,0,0,0,
0.77,0,0.0,0.0,0.0,0.0,,,,,0.0,False,303.17,281.46,21.710000000000036,0.37,0.58,1,20,5,0,0,0,0,0,0,
3.4,0,6.0,1.1166666666666667,1.49,4.0,,,,7.040264414325599,0.174,True,308.29,279.18,29.110000000000014,0.63,0.54,1,20,5,0,0,0,0,0,0,
3.98,0,6.0,1.1166666666666667,1.49,4.0,,,,8.828594353146993,0.174,True,309.93,281.38,28.55000000000001,0.63,0.54,1,20,5,0,0,0,0,0,0,
0.75,0,1.0,1.06,1.06,1.0,,,,,1.0,True,302.22,272.29,29.930000000000007,0.35,0.57,1,20,5,0,0,0,0,0,0,
0.77,0,4.0,4.6825,6.82,3.0,,,,-1.58481466357889,0.2,True,298.32,266.21,32.110000000000014,0.35,0.57,1,20,5,0,0,0,0,0,0,
2.15,0,24.0,2.7245833333333334,8.89,10.0,,,,-0.2244795326286569,0.294,True,315.23,285.54,29.689999999999998,0.37,0.58,1,20,5,0,0,0,0,0,0,
2.22,0,24.0,2.7245833333333334,8.89,10.0,,,,-0.1971317723084144,0.294,True,307.91,284.92,22.99000000000001,0.37,0.58,1,20,5,0,0,0,0,0,0,
1.68,0,21.0,2.818095238095238,6.64,13.0,,,,-0.7747477313612637,0.325,True,309.67,276.83,32.84000000000003,0.37,0.58,1,20,5,0,0,0,0,0,0,
1.41,0,21.0,2.818095238095238,6.64,13.0,,,,-0.9585477161653796,0.325,True,304.09,278.08,26.00999999999999,0.37,0.58,1,20,5,0,0,0,0,0,0,
0.97,0,11.0,2.3345454545454545,5.93,8.0,,,,-0.8092604737230051,0.229,True,304.07,277.94,26.129999999999995,0.34,0.56,1,20,5,0,0,0,0,0,0,
1.87,0,38.0,2.205,7.66,16.0,,,,-0.2285132794177419,0.356,True,297.2,258.38,38.81999999999999,0.36,0.58,1,20,5,0,0,0,0,0,0,
0.87,0,12.0,1.7916666666666667,5.5,10.0,,,,-0.7205326680151866,0.256,True,307.79,282.31,25.480000000000018,0.32,0.55,1,20,5,0,0,0,0,0,0,
0.87,0,12.0,1.7916666666666667,5.5,10.0,,,,-0.7205326680151866,0.256,True,308.47,282.49,25.980000000000018,0.32,0.55,1,20,5,0,0,0,0,0,0,
0.66,0,0.0,0.0,0.0,0.0,,,,,0.0,False,300.77,280.08,20.689999999999998,0.44,0.46,1,20,5,0,0,0,0,0,0,
1.89,0,32.0,1.7015625,3.33,26.0,625.3,294.2,,0.2338009365268848,0.448,True,306.42,294.73,11.689999999999998,0.57,0.52,1,20,5,1,0,0,1,0,1,
1.86,0,32.0,1.7015625,3.33,26.0,625.3,294.2,,0.1965788968808138,0.448,True,309.94,294.74,15.199999999999989,0.57,0.52,1,20,5,1,0,0,1,0,1,
1.1,0,2.0,2.065,2.97,2.0,,,,-0.7539867887790256,0.083,True,303.4,284.8,18.599999999999966,0.41,0.45,1,20,5,0,0,0,0,0,0,
1.13,0,0.0,0.0,0.0,0.0,,,,,0.0,False,304.17,284.69,19.480000000000018,0.6,0.53,1,20,5,0,0,0,0,0,0,
2.4,0,0.0,0.0,0.0,0.0,,,,,0.0,False,327.2,290.59,36.610000000000014,0.52,0.41,1,20,5,0,0,0,0,0,0,
1.63,0,0.0,0.0,0.0,0.0,,,,,0.0,False,308.38,289.72,18.659999999999968,0.44,0.46,1,20,5,0,0,0,0,0,0,
1.1,0,0.0,0.0,0.0,0.0,,,,,0.0,False,315.1,289.67,25.430000000000007,0.47,0.48,1,20,5,0,0,0,0,0,0,
2.49,0,0.0,0.0,0.0,0.0,,,,,0.0,False,323.74,289.72,34.01999999999998,0.47,0.48,1,20,5,0,0,0,0,0,0,
1.99,0,4.0,5.015,11.5,2.0,,,,-0.6596250470370321,0.095,True,309.21,289.81,19.399999999999977,0.47,0.48,1,20,5,0,0,0,0,0,0,
0.73,0,0.0,0.0,0.0,0.0,,,,,0.0,False,306.9,291.32,15.579999999999984,0.42,0.37,1,20,5,0,0,0,0,0,0,
1.7,0,6.0,1.695,3.03,6.0,,,,0.0050810541801436,0.14,True,308.48,293.37,15.110000000000014,0.42,0.45,1,20,5,0,0,0,0,0,0,
1.25,0,2.0,0.675,0.73,2.0,,,,7.392479985132084,0.08,True,313.55,293.28,20.27000000000004,0.43,0.38,1,20,5,0,0,0,0,0,0,
1.16,0,0.0,0.0,0.0,0.0,,,,,0.0,False,305.37,293.27,12.100000000000023,0.48,0.4,1,20,5,0,0,0,0,0,0,
2.02,0,0.0,0.0,0.0,0.0,,,,,0.0,False,320.11,293.75,26.360000000000014,0.48,0.4,1,20,5,0,0,0,0,0,0,
6.72,0,5.0,2.208,3.29,5.0,,,,3.74860231274666,0.106,True,317.89,290.33,27.560000000000002,0.6,0.53,1,20,5,0,0,0,0,0,0,
3.38,0,0.0,0.0,0.0,0.0,,,,,0.0,False,309.35,290.69,18.660000000000025,0.6,0.53,1,20,5,0,0,0,0,0,0,
1.46,0,7.0,1.3685714285714283,2.11,5.0,,,,0.1941129670627287,0.083,True,308.94,290.52,18.420000000000016,0.52,0.41,1,20,5,0,0,0,0,0,0,
1.46,0,7.0,1.3685714285714283,2.11,5.0,,,,0.1941129670627287,0.083,True,307.44,290.76,16.680000000000007,0.52,0.41,1,20,5,0,0,0,0,0,0,
3.2,0,10.0,1.6350000000000002,2.41,5.0,49.6,,,3.036911270734889,0.085,True,317.65,288.78,28.870000000000005,0.49,0.48,1,20,5,1,0,0,0,0,1,
1.32,0,10.0,1.6350000000000002,2.41,5.0,49.6,,,-0.6112632909146906,0.085,True,307.37,289.24,18.129999999999995,0.49,0.48,1,20,5,1,0,0,0,0,1,
0.7,0,0.0,0.0,0.0,0.0,,,,,0.0,False,304.78,289.97,14.809999999999945,0.44,0.38,1,20,5,0,0,0,0,0,0,
1.45,0,9.0,1.4577777777777776,2.89,8.0,,,,-0.0100753873667175,0.163,True,311.03,293.48,17.549999999999955,0.51,0.41,1,20,5,0,0,0,0,0,0,
4.18,0,23.0,4.44391304347826,11.1,15.0,,,,-0.0737780240028461,0.366,True,305.88,292.33,13.550000000000011,0.45,0.39,1,20,5,0,0,0,0,0,0,
5.41,0,11.0,2.98,10.43,8.0,,,,0.7977768504296903,0.136,True,327.06,292.52,34.54000000000002,0.45,0.39,1,20,5,0,0,0,0,0,0,
6.41,0,25.0,6.1408000000000005,42.02,18.0,,,,0.0319064640697477,0.305,True,316.64,294.04,22.599999999999966,0.45,0.39,1,20,5,0,0,0,0,0,0,
8.99,0,19.0,3.3057894736842104,9.26,11.0,,,,2.630021967189503,0.216,True,331.2,294.54,36.65999999999997,0.45,0.39,1,20,5,0,0,0,0,0,0,
4.62,0,19.0,3.3057894736842104,9.26,11.0,,,,0.6080708196363138,0.216,True,313.66,293.99,19.670000000000016,0.45,0.39,1,20,5,0,0,0,0,0,0,
2.97,0,0.0,0.0,0.0,0.0,,,,,0.0,False,331.75,297.93,33.81999999999999,0.45,0.39,0,7,6,0,0,0,0,0,0,
9.02,1,0.0,0.0,0.0,0.0,,,,,0.0,False,337.18,299.87,37.31,0.45,0.39,0,7,6,0,0,0,0,0,0,
11.54,1,0.0,0.0,0.0,0.0,,,,,0.0,False,340.91,300.64,40.27000000000004,0.48,0.4,0,7,6,0,0,0,0,0,0,
7.63,0,0.0,0.0,0.0,0.0,,,,,0.0,False,341.72,296.93,44.79000000000002,0.5,0.41,0,7,6,0,0,0,0,0,0,
8.84,0,0.0,0.0,0.0,0.0,,,,,0.0,False,336.55,298.36,38.19,0.51,0.41,0,7,6,0,0,0,0,0,0,
4.13,1,0.0,0.0,0.0,0.0,,,,,0.0,False,333.84,300.27,33.56999999999999,0.48,0.4,0,7,6,0,0,0,0,0,0,
5.23,1,1.0,2.51,2.51,1.0,,,,,1.0,True,332.17,302.12,30.05000000000001,0.48,0.4,0,7,6,0,0,0,0,0,0,
7.45,0,0.0,0.0,0.0,0.0,,,,,0.0,False,335.29,299.82,35.47000000000003,0.49,0.4,0,7,6,0,0,0,0,0,0,
4.55,1,0.0,0.0,0.0,0.0,,,,,0.0,False,335.12,299.46,35.660000000000025,0.48,0.4,0,7,6,0,0,0,0,0,0,
2.74,0,0.0,0.0,0.0,0.0,,,,,0.0,False,334.35,296.89,37.460000000000036,0.49,0.41,0,7,6,0,0,0,0,0,0,
2.74,0,0.0,0.0,0.0,0.0,,,,,0.0,False,335.4,296.16,39.23999999999995,0.49,0.41,0,7,6,0,0,0,0,0,0,
5.42,1,0.0,0.0,0.0,0.0,,,,,0.0,False,336.92,300.06,36.860000000000014,0.5,0.41,0,7,6,0,0,0,0,0,0,
6.0,1,0.0,0.0,0.0,0.0,,,,,0.0,False,338.29,299.55,38.74000000000001,0.5,0.41,0,7,6,0,0,0,0,0,0,
4.58,1,0.0,0.0,0.0,0.0,,,,,0.0,False,331.3,299.64,31.660000000000025,0.5,0.41,0,7,6,0,0,0,0,0,0,
4.7,1,0.0,0.0,0.0,0.0,,,,,0.0,False,334.57,299.29,35.27999999999997,0.5,0.41,0,7,6,0,0,0,0,0,0,
8.63,1,0.0,0.0,0.0,0.0,,,,,0.0,False,337.49,299.47,38.01999999999998,0.5,0.41,0,7,6,0,0,0,0,0,0,
1.55,1,0.0,0.0,0.0,0.0,,,,,0.0,False,332.6,295.15,37.450000000000045,0.5,0.41,0,7,6,0,0,0,0,0,0,
10.91,0,0.0,0.0,0.0,0.0,,,,,0.0,False,346.01,297.91,48.099999999999966,0.5,0.41,0,7,6,0,0,0,0,0,0,
8.12,1,0.0,0.0,0.0,0.0,,,,,0.0,False,331.91,297.76,34.150000000000034,0.46,0.39,0,7,6,0,0,0,0,0,0,
9.1,0,0.0,0.0,0.0,0.0,,,,,0.0,False,340.21,298.89,41.31999999999999,0.5,0.41,0,7,6,0,0,0,0,0,0,
15.45,1,0.0,0.0,0.0,0.0,,,,,0.0,False,331.23,296.58,34.650000000000034,0.48,0.4,0,7,6,0,0,0,0,0,0,
5.61,0,0.0,0.0,0.0,0.0,,,,,0.0,False,332.94,296.67,36.26999999999998,0.46,0.39,0,7,6,0,0,0,0,0,0,
12.84,1,0.0,0.0,0.0,0.0,,,,,0.0,False,338.25,294.62,43.629999999999995,0.5,0.41,0,7,6,0,0,0,0,0,0,
14.49,1,0.0,0.0,0.0,0.0,,,,,0.0,False,349.45,301.27,48.18000000000001,0.49,0.4,0,7,6,0,0,0,0,0,0,
4.74,0,0.0,0.0,0.0,0.0,,,,,0.0,False,332.46,297.82,34.639999999999986,0.49,0.4,0,7,6,0,0,0,0,0,0,
6.95,1,0.0,0.0,0.0,0.0,,,,,0.0,False,335.02,298.1,36.91999999999996,0.47,0.4,0,7,6,0,0,0,0,0,0,
5.17,1,1.0,6.49,6.49,1.0,,,,,1.0,True,333.2,298.07,35.129999999999995,0.48,0.4,0,7,6,0,0,0,0,0,0,
12.26,1,2.0,8.105,9.47,1.0,,,,2.1524019603150943,1.0,True,340.74,302.42,38.31999999999999,0.46,0.39,0,7,6,0,0,0,0,0,0,
6.65,1,0.0,0.0,0.0,0.0,,,,,0.0,False,333.16,302.15,31.010000000000048,0.47,0.4,0,7,6,0,0,0,0,0,0,
15.55,0,1.0,8.17,8.17,1.0,,,,,1.0,True,349.04,300.89,48.150000000000034,0.49,0.41,0,7,6,0,0,0,0,0,0,
15.74,1,0.0,0.0,0.0,0.0,,,,,0.0,False,345.18,303.37,41.81,0.46,0.39,0,7,6,0,0,0,0,0,0,
23.97,1,0.0,0.0,0.0,0.0,,,,,0.0,False,335.74,294.4,41.34000000000003,0.5,0.41,0,7,6,0,0,0,0,0,1,
3.9,1,0.0,0.0,0.0,0.0,,,,,0.0,False,331.71,296.75,34.95999999999998,0.48,0.4,0,7,6,0,0,0,0,0,0,
3.69,0,0.0,0.0,0.0,0.0,,,,,0.0,False,332.69,295.51,37.18000000000001,0.48,0.4,0,7,6,0,0,0,0,0,0,
13.37,0,0.0,0.0,0.0,0.0,,,,,0.0,False,354.81,301.69,53.120000000000005,0.47,0.4,0,7,6,0,0,0,0,0,0,
7.49,1,0.0,0.0,0.0,0.0,,,,,0.0,False,340.7,299.95,40.75,0.46,0.39,0,7,6,0,0,0,0,0,0,
18.88,2,2.0,6.85,6.85,1.0,,,,,1.0,True,367.0,301.36,65.63999999999999,0.47,0.4,0,7,6,0,0,0,0,0,0,
10.43,0,1.0,4.38,4.38,1.0,,,,,1.0,True,343.15,298.66,44.48999999999995,0.46,0.39,0,7,6,0,0,0,0,0,0,
11.53,1,2.0,5.115,7.3,2.0,,,,2.076013730577438,0.044,True,340.26,301.67,38.589999999999975,0.47,0.4,0,7,6,0,0,0,0,0,0,
40.67,1,0.0,0.0,0.0,0.0,,,,,0.0,False,343.58,300.17,43.40999999999997,0.47,0.39,0,7,6,0,1,0,0,0,1,
17.5,1,0.0,0.0,0.0,0.0,,,,,0.0,False,345.36,299.55,45.81,0.48,0.4,0,7,6,0,0,0,0,0,0,
7.65,1,0.0,0.0,0.0,0.0,,,,,0.0,False,333.64,299.75,33.889999999999986,0.47,0.4,0,7,6,0,0,0,0,0,0,
8.73,1,0.0,0.0,0.0,0.0,,,,,0.0,False,330.67,300.46,30.210000000000036,0.47,0.4,0,7,6,0,0,0,0,0,0,
5.86,1,0.0,0.0,0.0,0.0,,,,,0.0,False,330.48,300.83,29.650000000000034,0.47,0.4,0,7,6,0,0,0,0,0,0,
4.35,1,0.0,0.0,0.0,0.0,,,,,0.0,False,330.11,300.41,29.69999999999999,0.47,0.4,0,7,6,0,0,0,0,0,0,
3.63,0,0.0,0.0,0.0,0.0,,,,,0.0,False,334.8,298.2,36.60000000000002,0.44,0.46,0,7,6,0,0,0,0,0,0,
3.84,0,0.0,0.0,0.0,0.0,,,,,0.0,False,334.28,298.39,35.889999999999986,0.44,0.46,0,7,6,0,0,0,0,0,0,
6.18,1,1.0,3.45,3.45,1.0,,,,,1.0,True,335.0,298.56,36.44,0.47,0.4,0,7,6,0,0,0,0,0,0,
10.58,0,1.0,5.56,5.56,1.0,,,,,1.0,True,345.93,297.52,48.410000000000025,0.48,0.4,0,7,6,0,0,0,0,0,0,
12.9,0,0.0,0.0,0.0,0.0,,,,,0.0,False,344.6,299.54,45.06,0.46,0.47,0,7,6,0,0,0,0,0,0,
6.06,0,0.0,0.0,0.0,0.0,,,,,0.0,False,335.76,298.17,37.589999999999975,0.48,0.4,0,7,6,0,0,0,0,0,0,
11.42,1,0.0,0.0,0.0,0.0,,,,,0.0,False,339.58,301.56,38.01999999999998,0.48,0.4,0,7,6,0,0,0,0,0,0,
16.54,1,0.0,0.0,0.0,0.0,,,,,0.0,False,338.42,300.56,37.860000000000014,0.48,0.4,0,7,6,0,0,0,0,0,0,
6.9,0,0.0,0.0,0.0,0.0,,,,,0.0,False,343.06,299.3,43.75999999999999,0.48,0.48,0,7,6,0,0,0,0,0,0,
5.45,0,0.0,0.0,0.0,0.0,,,,,0.0,False,331.8,295.9,35.900000000000034,0.47,0.4,0,7,6,0,0,0,0,0,0,
7.92,0,0.0,0.0,0.0,0.0,,,,,0.0,False,345.2,298.48,46.71999999999997,0.47,0.4,0,7,6,0,0,0,0,0,0,
11.58,1,0.0,0.0,0.0,0.0,,,,,0.0,False,339.2,300.99,38.20999999999998,0.47,0.4,0,7,6,0,0,0,0,0,0,
4.45,0,0.0,0.0,0.0,0.0,,,,,0.0,False,333.91,298.42,35.49000000000001,0.46,0.39,0,7,6,0,0,0,0,0,0,
5.99,1,0.0,0.0,0.0,0.0,,,,,0.0,False,330.52,297.62,32.89999999999998,0.46,0.39,0,7,6,0,0,0,0,0,0,
6.67,0,0.0,0.0,0.0,0.0,,,,,0.0,False,345.28,296.84,48.44,0.48,0.4,0,7,6,0,0,0,0,0,0,
7.21,1,0.0,0.0,0.0,0.0,,,,,0.0,False,334.74,294.82,39.920000000000016,0.47,0.4,0,7,6,0,0,0,0,0,0,
4.81,1,0.0,0.0,0.0,0.0,,,,,0.0,False,330.28,296.71,33.56999999999999,0.46,0.39,0,7,6,0,0,0,0,0,0,
4.19,0,0.0,0.0,0.0,0.0,,,,,0.0,False,333.82,296.18,37.639999999999986,0.46,0.39,0,7,6,0,0,0,0,0,0,
10.07,1,0.0,0.0,0.0,0.0,,,,,0.0,False,330.64,299.52,31.120000000000005,0.46,0.39,0,7,6,0,0,0,0,0,0,
7.0,0,1.0,9.1,9.1,1.0,,,,,1.0,True,342.03,295.46,46.56999999999999,0.46,0.39,0,7,6,0,0,0,0,0,0,
8.53,1,0.0,0.0,0.0,0.0,,,,,0.0,False,334.09,297.82,36.26999999999998,0.48,0.4,0,7,6,0,0,0,0,0,0,
2.59,0,0.0,0.0,0.0,0.0,,,,,0.0,False,337.36,297.91,39.44999999999999,0.39,0.44,0,7,6,0,0,0,0,0,0,
8.4,0,0.0,0.0,0.0,0.0,,,,,0.0,False,337.54,298.09,39.450000000000045,0.48,0.4,0,7,6,0,0,0,0,0,0,
7.72,1,0.0,0.0,0.0,0.0,,,,,0.0,False,330.96,294.06,36.89999999999998,0.47,0.4,0,7,6,0,0,0,0,0,0,
4.64,0,0.0,0.0,0.0,0.0,,,,,0.0,False,340.85,294.22,46.629999999999995,0.44,0.46,0,7,6,0,0,0,0,0,0,
10.03,0,0.0,0.0,0.0,0.0,,,,,0.0,False,340.9,289.11,51.789999999999964,0.46,0.47,0,7,6,0,0,0,0,0,0,
6.32,0,0.0,0.0,0.0,0.0,,,,,0.0,False,338.01,293.68,44.329999999999984,0.48,0.4,0,7,6,0,0,0,0,0,0,
6.41,0,0.0,0.0,0.0,0.0,,,,,0.0,False,338.02,295.97,42.049999999999955,0.48,0.48,0,7,6,0,0,0,0,0,0,
4.6,0,0.0,0.0,0.0,0.0,,,,,0.0,False,340.81,296.4,44.410000000000025,0.52,0.5,0,7,6,0,0,0,0,0,0,
5.72,0,0.0,0.0,0.0,0.0,,,,,0.0,False,346.38,304.13,42.25,0.41,0.45,0,7,6,0,0,0,0,0,0,
7.0,0,0.0,0.0,0.0,0.0,,,,,0.0,False,342.54,298.4,44.14000000000004,0.38,0.43,0,7,6,0,0,0,0,0,0,
7.01,0,0.0,0.0,0.0,0.0,,,,,0.0,False,341.72,300.95,40.77000000000004,0.39,0.44,0,7,6,0,0,0,0,0,0,
4.81,1,29.0,2.530689655172414,8.44,16.0,,,,1.3619123570111775,0.276,True,330.31,301.52,28.79000000000002,0.43,0.46,0,7,6,0,0,0,0,0,0,
4.48,0,31.0,2.076129032258065,5.17,16.0,,,,2.3866327015469366,0.276,True,335.64,301.2,34.44,0.43,0.46,0,7,6,0,0,0,0,0,0,
4.69,0,0.0,0.0,0.0,0.0,,,,,0.0,False,332.6,299.0,33.60000000000002,0.46,0.39,0,7,6,0,0,0,0,0,0,
3.74,0,0.0,0.0,0.0,0.0,,,,,0.0,False,335.47,297.73,37.74000000000001,0.38,0.36,0,7,6,0,0,0,0,0,0,
4.73,0,14.0,2.8285714285714287,5.27,11.0,,,,1.0706100517149422,0.224,True,330.67,297.88,32.79000000000002,0.4,0.37,0,7,6,0,0,0,0,0,0,
2.64,0,0.0,0.0,0.0,0.0,,,,,0.0,False,333.51,298.13,35.379999999999995,0.39,0.36,0,7,6,0,0,0,0,0,0,
1.7,0,0.0,0.0,0.0,0.0,,,,,0.0,False,327.4,290.85,36.549999999999955,0.35,0.56,0,7,6,0,0,0,0,0,0,
3.33,0,0.0,0.0,0.0,0.0,,,,,0.0,False,334.55,302.13,32.420000000000016,0.41,0.37,0,7,6,0,0,0,0,0,0,
7.0,0,0.0,0.0,0.0,0.0,,,,,0.0,False,336.89,292.52,44.370000000000005,0.54,0.42,0,7,6,0,0,0,0,0,0,
7.92,0,4.0,0.89,1.01,2.0,1069.9,,,50.73465490503837,0.125,True,333.55,296.57,36.98000000000002,0.56,0.43,0,7,6,1,0,0,0,0,1,
7.51,0,23.0,4.44391304347826,11.1,15.0,,,,0.8571377681516832,0.366,True,335.21,291.91,43.299999999999955,0.6,0.53,0,8,6,0,0,0,0,0,0,
6.89,0,7.0,3.47,7.57,7.0,,,,1.5813236107468025,0.121,True,334.96,294.61,40.349999999999966,0.6,0.53,0,8,6,0,0,0,0,0,0,
7.02,0,19.0,2.906842105263158,7.52,6.0,,,,2.688835944593548,0.14,True,340.16,298.83,41.33000000000004,0.4,0.37,0,8,6,0,0,0,0,0,0,
4.18,0,19.0,2.906842105263158,7.52,6.0,,,,0.8322833205338185,0.14,True,335.18,297.5,37.68000000000001,0.4,0.37,0,8,6,0,0,0,0,0,0,
4.84,0,13.0,1.75,3.88,8.0,,,,2.3640306676047667,0.195,True,330.22,295.19,35.03000000000003,0.4,0.44,0,8,6,0,0,0,0,0,0,
4.13,0,0.0,0.0,0.0,0.0,,,,,0.0,False,335.41,295.9,39.51000000000005,0.36,0.58,0,8,6,0,0,0,0,0,0,
3.44,0,1.0,0.96,0.96,1.0,,,,,1.0,True,335.99,294.03,41.960000000000036,0.42,0.38,0,8,6,0,0,0,0,0,0,
2.5,0,0.0,0.0,0.0,0.0,,,,,0.0,False,331.75,298.37,33.379999999999995,0.43,0.46,0,8,6,0,0,0,0,0,0,
3.86,0,0.0,0.0,0.0,0.0,,,,,0.0,False,339.78,302.25,37.52999999999997,0.49,0.49,0,8,6,0,0,0,0,0,0,
2.23,0,0.0,0.0,0.0,0.0,,,,,0.0,False,340.12,302.18,37.94,0.34,0.56,0,8,6,0,0,0,0,0,0,
2.71,0,0.0,0.0,0.0,0.0,,,,,0.0,False,347.18,302.92,44.25999999999999,0.32,0.55,0,8,6,0,0,0,0,0,0,
2.71,0,0.0,0.0,0.0,0.0,,,,,0.0,False,342.67,302.05,40.620000000000005,0.32,0.55,0,8,6,0,0,0,0,0,0,
2.38,0,0.0,0.0,0.0,0.0,,,,,0.0,False,331.87,298.45,33.420000000000016,0.41,0.45,0,8,6,0,0,0,0,0,0,
1.24,1,0.0,0.0,0.0,0.0,,,,,0.0,False,330.81,301.76,29.05000000000001,0.41,0.45,0,8,6,0,0,0,0,0,0,
1.68,0,1.0,1.97,1.97,1.0,,,,,1.0,True,313.79,291.85,21.939999999999998,0.55,0.43,1,20,6,0,0,0,0,0,0,
2.08,0,6.0,3.301666666666667,5.5,5.0,,,,-0.6942210550083586,0.152,True,304.71,292.68,12.029999999999973,0.4,0.44,1,20,6,0,0,0,0,0,0,
2.08,0,6.0,3.301666666666667,5.5,5.0,,,,-0.6942210550083586,0.152,True,333.33,292.41,40.91999999999996,0.4,0.44,1,20,6,0,0,0,0,0,0,
1.3,0,3.0,3.7566666666666655,4.1,3.0,572.0,1066.7,,-4.662409655228985,0.429,True,307.12,293.46,13.660000000000025,0.38,0.59,1,20,6,1,0,0,1,0,1,
0.76,0,8.0,1.9275,3.42,8.0,,,,-1.0912270244236466,0.133,True,307.02,292.78,14.240000000000009,0.38,0.59,1,20,6,0,0,0,0,0,0,
1.62,0,5.0,2.158,3.28,4.0,,,,-0.6864121280867501,0.085,True,306.86,288.38,18.480000000000018,0.47,0.4,1,20,6,0,0,0,0,0,0,
2.44,0,14.0,2.8285714285714287,5.27,11.0,,,,-0.2187873283745036,0.224,True,309.76,288.37,21.389999999999986,0.47,0.4,1,20,6,0,0,0,0,0,0,
2.1,0,5.0,2.208,3.29,5.0,,,,-0.0897271830178722,0.106,True,320.93,288.29,32.639999999999986,0.47,0.4,1,20,6,0,0,0,0,0,0,
1.46,0,9.0,2.376666666666667,6.47,6.0,,,,-0.4774807491091017,0.188,True,308.84,285.86,22.97999999999996,0.39,0.36,1,20,6,0,0,0,0,0,0,
0.6,0,7.0,2.878571428571429,5.73,7.0,,,,-1.5950789583627067,0.304,True,304.07,284.37,19.69999999999999,0.39,0.36,1,20,6,0,0,0,0,0,0,
0.76,0,9.0,2.376666666666667,6.47,6.0,,,,-0.8421024120651429,0.188,True,304.76,284.02,20.74000000000001,0.39,0.36,1,20,6,0,0,0,0,0,0,
1.5,0,7.0,1.3685714285714283,2.11,5.0,,,,0.2790373901526727,0.083,True,307.53,293.84,13.689999999999998,0.39,0.36,1,20,6,0,0,0,0,0,0,
1.7,0,7.0,1.3685714285714283,2.11,5.0,,,,0.7036595056023918,0.083,True,312.58,294.49,18.089999999999975,0.39,0.36,1,20,6,0,0,0,0,0,0,
2.51,0,0.0,0.0,0.0,0.0,,,,,0.0,False,323.64,293.83,29.810000000000002,0.39,0.36,1,20,6,0,0,0,0,0,0,
1.04,0,2.0,1.215,1.22,1.0,,,,-24.74873734152884,1.0,True,309.99,290.52,19.470000000000027,0.42,0.37,1,20,6,0,0,0,0,0,0,
3.86,0,10.0,1.6350000000000002,2.41,5.0,49.6,,,4.317653404079954,0.085,True,326.96,290.99,35.96999999999997,0.42,0.37,1,20,6,1,0,0,0,0,1,
1.76,0,10.0,1.6350000000000002,2.41,5.0,49.6,,,0.2425647979820195,0.085,True,312.58,291.66,20.91999999999996,0.42,0.37,1,20,6,1,0,0,0,0,1,
1.34,0,1.0,2.47,2.47,1.0,,,,,1.0,True,326.72,290.28,36.440000000000055,0.42,0.37,1,20,6,0,0,0,0,0,0,
1.9,0,1.0,0.8,0.8,1.0,,,,,1.0,True,308.01,293.39,14.620000000000005,0.39,0.36,1,20,6,0,0,0,0,0,0,
1.38,0,1.0,0.44,0.44,1.0,,,,,1.0,True,305.97,293.11,12.860000000000014,0.39,0.36,1,20,6,0,0,0,0,0,0,
0.58,0,4.0,1.755,2.32,3.0,,,,-1.5153618215964313,0.057,True,306.27,288.62,17.649999999999977,0.47,0.47,1,20,6,0,0,0,0,0,0,
1.46,0,3.0,0.9033333333333332,1.08,3.0,,,,2.728190074671025,0.091,True,317.82,292.43,25.389999999999986,0.39,0.36,1,20,6,0,0,0,0,0,0,
1.8,0,0.0,0.0,0.0,0.0,,,,,0.0,False,306.94,288.89,18.05000000000001,0.4,0.44,1,20,6,0,0,0,0,0,0,
0.96,0,2.0,0.94,1.1,2.0,,,,0.088388347648318,0.25,True,309.14,292.2,16.939999999999998,0.41,0.37,1,20,6,0,0,0,0,0,0,
5.01,0,5.0,2.12,2.83,3.0,,,,4.270599167656871,0.088,True,310.14,290.58,19.560000000000002,0.55,0.43,1,20,6,0,0,0,0,0,0,
4.31,0,17.0,3.313529411764706,9.07,9.0,,,,0.4087136805061323,0.15,True,307.14,290.34,16.80000000000001,0.55,0.42,1,20,6,0,0,0,0,0,0,
9.48,0,4.0,3.4075,6.05,3.0,,,,2.981151385852177,0.081,True,339.28,290.53,48.75,0.54,0.42,1,20,6,0,0,0,0,0,0,
2.32,0,13.0,2.730769230769231,5.16,8.0,,,,-0.3460355155725997,0.216,True,316.18,291.13,25.05000000000001,0.53,0.42,1,20,6,0,0,0,0,0,0,
2.23,0,13.0,2.730769230769231,5.16,8.0,,,,-0.4218522858385062,0.216,True,318.65,290.68,27.96999999999997,0.53,0.42,1,20,6,0,0,0,0,0,0,
2.81,0,9.0,2.6222222222222222,3.63,4.0,,,,0.4329971864124201,0.108,True,309.09,291.07,18.019999999999982,0.53,0.42,1,20,6,0,0,0,0,0,0,
1.53,0,3.0,2.03,3.33,3.0,,,,-0.4402254531628116,0.05,True,308.02,290.78,17.24000000000001,0.52,0.42,1,20,6,0,0,0,0,0,0,
1.53,0,3.0,2.03,3.33,3.0,,,,-0.4402254531628116,0.05,True,313.53,290.98,22.549999999999955,0.52,0.42,1,20,6,0,0,0,0,0,0,
3.82,0,2.0,1.66,2.12,2.0,,,,3.320327494267266,0.041,True,312.43,290.34,22.090000000000032,0.4,0.44,1,20,6,0,0,0,0,0,0,
3.82,0,2.0,1.66,2.12,2.0,,,,3.320327494267266,0.041,True,338.88,290.58,48.30000000000001,0.4,0.44,1,20,6,0,0,0,0,0,0,
3.82,0,14.0,2.7328571428571427,7.71,6.0,,,,0.5869698110841387,0.122,True,326.24,290.33,35.910000000000025,0.4,0.44,1,20,6,0,0,0,0,0,0,
6.38,0,14.0,2.7328571428571427,7.71,6.0,,,,1.9691641625463945,0.122,True,323.26,289.57,33.69,0.4,0.44,1,20,6,0,0,0,0,0,0,
2.37,0,7.0,2.091428571428572,3.08,5.0,,,,0.2750440155372622,0.086,True,316.12,292.52,23.600000000000023,0.39,0.36,1,20,6,0,0,0,0,0,0,
2.37,0,7.0,2.091428571428572,3.08,5.0,,,,0.2750440155372622,0.086,True,315.5,293.38,22.120000000000005,0.39,0.36,1,20,6,0,0,0,0,0,0,
3.03,0,5.0,2.0,2.67,5.0,,,,1.619989540114502,0.147,True,309.1,292.4,16.700000000000045,0.39,0.36,1,20,6,0,0,0,0,0,0,
1.83,0,8.0,1.55625,2.8,4.0,,,,0.4111224103008691,0.108,True,314.9,293.21,21.689999999999998,0.39,0.36,1,20,6,0,0,0,0,0,0,
1.83,0,8.0,1.55625,2.8,4.0,,,,0.4111224103008691,0.108,True,307.96,292.28,15.680000000000007,0.39,0.36,1,20,6,0,0,0,0,0,0,
2.87,0,0.0,0.0,0.0,0.0,,,,,0.0,False,308.88,291.97,16.909999999999968,0.39,0.36,1,20,6,0,0,0,0,0,0,
2.44,0,8.0,1.55625,2.8,4.0,,,,1.3272307948982387,0.108,True,313.12,291.99,21.129999999999995,0.39,0.36,1,20,6,0,0,0,0,0,0,
0.91,0,3.0,0.6533333333333333,0.8,3.0,,,,1.4688666179042928,0.167,True,308.52,292.29,16.22999999999996,0.39,0.36,1,20,6,0,0,0,0,0,0,
1.42,0,3.0,0.5366666666666667,0.63,2.0,,,,8.261105844648279,0.286,True,310.91,290.63,20.28000000000003,0.4,0.37,1,20,6,0,0,0,0,0,0,
1.27,0,3.0,1.0633333333333332,1.48,3.0,,,,0.4434117543992724,0.158,True,312.66,290.74,21.920000000000016,0.4,0.37,1,20,6,0,0,0,0,0,0,
0.7,0,4.0,1.065,1.64,4.0,,,,-0.8133904591685226,0.111,True,307.2,290.3,16.899999999999977,0.4,0.37,1,20,6,0,0,0,0,0,0,
2.74,0,4.0,1.065,1.64,4.0,,,,3.732682244129522,0.111,True,321.89,291.03,30.860000000000014,0.4,0.37,1,20,6,0,0,0,0,0,0,
1.06,0,0.0,0.0,0.0,0.0,,,,,0.0,False,305.24,285.8,19.439999999999998,0.39,0.36,1,20,6,0,0,0,0,0,0,
1.17,0,3.0,1.8166666666666669,2.09,3.0,,,,-2.648109457077787,0.088,True,303.3,283.42,19.879999999999995,0.39,0.36,1,20,6,0,0,0,0,0,0,
1.17,0,3.0,1.8166666666666669,2.09,3.0,,,,-2.648109457077787,0.088,True,303.57,284.51,19.060000000000002,0.39,0.36,1,20,6,0,0,0,0,0,0,
1.33,0,8.0,2.085,3.46,5.0,,,,-0.8904830462416895,0.1,True,302.43,282.02,20.410000000000025,0.39,0.36,1,20,6,0,0,0,0,0,0,
1.17,0,8.0,2.085,3.46,5.0,,,,-1.0791946851803258,0.1,True,309.01,289.29,19.71999999999997,0.39,0.36,1,20,6,0,0,0,0,0,0,
0.75,0,3.0,1.4,1.47,2.0,,,,-7.313071356019159,0.083,True,309.66,291.67,17.99000000000001,0.39,0.36,1,20,6,0,0,0,0,0,0,
1.19,0,0.0,0.0,0.0,0.0,,,,,0.0,False,306.44,291.31,15.129999999999995,0.4,0.37,1,20,6,0,0,0,0,0,0,
0.75,0,1.0,1.06,1.06,1.0,,,,,1.0,True,306.02,290.77,15.25,0.39,0.36,1,20,6,0,0,0,0,0,0,
1.55,0,2.0,1.05,1.36,1.0,,,,1.1404948083653992,1.0,True,310.42,292.7,17.720000000000027,0.4,0.37,1,20,6,0,0,0,0,0,0,
1.71,0,1.0,0.52,0.52,1.0,,,,,1.0,True,306.67,290.33,16.340000000000032,0.39,0.36,1,20,6,0,0,0,0,0,0,
2.33,0,6.0,3.2716666666666665,7.89,4.0,,,,-0.3949888241923054,0.098,True,316.31,291.03,25.28000000000003,0.46,0.39,1,20,6,0,0,0,0,0,0,
2.33,0,6.0,3.2716666666666665,7.89,4.0,,,,-0.3949888241923054,0.098,True,311.45,291.4,20.05000000000001,0.46,0.39,1,20,6,0,0,0,0,0,0,
1.13,0,1.0,2.43,2.43,1.0,,,,,1.0,True,305.94,291.7,14.240000000000009,0.4,0.37,1,20,6,0,0,0,0,0,0,
2.02,0,14.0,3.3428571428571425,5.71,7.0,,,,-0.8953915070273388,0.189,True,309.58,291.41,18.16999999999996,0.45,0.39,1,20,6,0,0,0,0,0,0,
4.04,0,14.0,3.3428571428571425,5.71,7.0,,,,0.471869390312464,0.189,True,306.63,291.42,15.20999999999998,0.45,0.39,1,20,6,0,0,0,0,0,0,
4.04,0,14.0,3.3428571428571425,5.71,7.0,,,,0.471869390312464,0.189,True,330.78,292.01,38.76999999999998,0.45,0.39,1,20,6,0,0,0,0,0,0,
4.04,0,27.0,4.3566666666666665,13.51,8.0,,,,-0.1018766632113613,0.216,True,334.78,291.92,42.85999999999996,0.45,0.39,1,20,6,0,0,0,0,0,0,
4.14,0,6.0,3.62,6.71,5.0,,,,0.3164900558139439,0.135,True,306.91,291.24,15.670000000000016,0.45,0.39,1,20,6,0,0,0,0,0,0,
4.14,0,27.0,4.3566666666666665,13.51,8.0,,,,-0.069705085355142,0.216,True,341.16,292.89,48.27000000000004,0.45,0.39,1,20,6,0,0,0,0,0,0,
4.14,0,27.0,4.3566666666666665,13.51,8.0,,,,-0.069705085355142,0.216,True,320.33,291.63,28.69999999999999,0.45,0.39,1,20,6,0,0,0,0,0,0,
2.29,0,6.0,3.62,6.71,5.0,,,,-0.8094841812164332,0.135,True,328.9,292.15,36.75,0.45,0.39,1,20,6,0,0,0,0,0,0,
2.29,0,5.0,3.638,10.06,3.0,,,,-0.3522805395329639,0.111,True,317.79,291.67,26.120000000000005,0.45,0.39,1,20,6,0,0,0,0,0,0,
2.37,0,6.0,1.0683333333333334,1.97,2.0,,,,2.671207343469325,0.167,True,304.46,286.86,17.599999999999966,0.46,0.39,1,20,6,0,0,0,0,0,0,
3.17,0,5.0,3.638,10.06,3.0,,,,-0.1223051131316224,0.111,True,333.59,292.75,40.839999999999975,0.45,0.39,1,20,6,0,0,0,0,0,0,
2.29,0,5.0,3.638,10.06,3.0,,,,-0.3522805395329639,0.111,True,309.9,291.44,18.45999999999998,0.45,0.39,1,20,6,0,0,0,0,0,0,
3.17,0,5.0,3.638,10.06,3.0,,,,-0.1223051131316224,0.111,True,310.4,291.49,18.909999999999968,0.45,0.39,1,20,6,0,0,0,0,0,0,
2.26,0,2.0,2.905,2.94,1.0,988.0,741.3,,-13.030967824723518,1.0,True,314.94,291.53,23.410000000000025,0.45,0.39,1,20,6,1,0,0,1,0,1,
4.3,0,2.0,2.905,2.94,1.0,988.0,741.3,,28.18325599300665,1.0,True,321.7,291.55,30.149999999999977,0.45,0.39,1,20,6,1,0,0,1,0,1,
2.08,0,6.0,1.0683333333333334,1.97,2.0,,,,2.0760856049755185,0.167,True,303.28,286.8,16.47999999999996,0.46,0.39,1,20,6,0,0,0,0,0,0,
2.97,0,2.0,1.45,1.45,1.0,,,,,1.0,True,302.77,287.51,15.259999999999991,0.46,0.39,1,20,6,0,0,0,0,0,0,
0.72,0,0.0,0.0,0.0,0.0,,,,,0.0,False,308.71,291.13,17.579999999999984,0.39,0.36,1,20,6,0,0,0,0,0,0,
0.72,0,0.0,0.0,0.0,0.0,,,,,0.0,False,311.19,291.05,20.139999999999986,0.39,0.36,1,20,6,0,0,0,0,0,0,
1.38,0,5.0,1.328,2.18,5.0,,,,0.0944487136724671,0.122,True,310.0,290.19,19.810000000000002,0.4,0.37,1,20,6,0,0,0,0,0,0,
4.49,0,1.0,0.38,0.38,1.0,,,,,1.0,True,326.15,291.26,34.889999999999986,0.45,0.39,1,20,6,0,0,0,0,0,0,
2.21,0,1.0,0.53,0.53,1.0,,,,,1.0,True,307.09,291.03,16.060000000000002,0.45,0.39,1,20,6,0,0,0,0,0,0,
2.05,0,1.0,0.85,0.85,1.0,,,,,1.0,True,305.16,289.61,15.550000000000011,0.46,0.39,1,20,6,0,0,0,0,0,0,
2.58,0,0.0,0.0,0.0,0.0,,,,,0.0,False,314.31,291.01,23.30000000000001,0.44,0.38,1,20,6,0,0,0,0,0,0,
1.35,0,2.0,2.035,2.21,2.0,,,,-2.767817972073058,0.053,True,309.65,290.99,18.659999999999968,0.44,0.38,1,20,6,0,0,0,0,0,0,
0.4,0,10.0,2.214,3.45,5.0,804.4,1012.8,,-2.76274267442366,0.122,True,299.83,280.98,18.849999999999966,0.43,0.38,1,20,6,1,0,0,1,0,1,
0.49,0,10.0,2.214,3.45,5.0,804.4,1012.8,,-2.625671648680479,0.122,True,303.61,283.9,19.710000000000036,0.43,0.38,1,20,6,1,0,0,1,0,1,
2.01,0,2.0,1.085,1.54,1.0,,,,1.4375247749396842,1.0,True,312.42,290.12,22.30000000000001,0.43,0.38,1,20,6,0,0,0,0,0,0,
1.27,0,1.0,1.58,1.58,1.0,,,,,1.0,True,307.64,289.2,18.439999999999998,0.43,0.38,1,20,6,0,0,0,0,0,0,
1.15,0,4.0,1.7325,1.93,4.0,,,,-2.676687832226192,0.095,True,311.44,291.91,19.529999999999973,0.41,0.37,1,20,6,0,0,0,0,0,0,
1.15,0,4.0,1.7325,1.93,4.0,,,,-2.676687832226192,0.095,True,310.0,291.64,18.360000000000014,0.41,0.37,1,20,6,0,0,0,0,0,0,
2.02,0,5.0,1.63,1.88,3.0,,,,2.0569093847245714,0.5,True,308.04,288.06,19.980000000000018,0.4,0.37,1,20,6,0,0,0,0,0,1,
2.5,0,0.0,0.0,0.0,0.0,,,,,0.0,False,320.21,291.23,28.97999999999996,0.4,0.37,1,20,6,0,0,0,0,0,0,
2.32,0,19.0,2.906842105263158,7.52,6.0,,,,-0.3836279050827648,0.14,True,333.42,293.5,39.920000000000016,0.4,0.37,1,20,6,0,0,0,0,0,0,
2.32,0,19.0,2.906842105263158,7.52,6.0,,,,-0.3836279050827648,0.14,True,311.88,290.85,21.029999999999973,0.4,0.37,1,20,6,0,0,0,0,0,0,
2.32,0,19.0,2.906842105263158,7.52,6.0,,,,-0.3836279050827648,0.14,True,313.17,291.69,21.480000000000018,0.4,0.37,1,20,6,0,0,0,0,0,0,
2.14,0,1.0,1.72,1.72,1.0,,,,,1.0,True,321.44,291.06,30.379999999999995,0.39,0.37,1,20,6,0,0,0,0,0,0,
2.38,0,1.0,1.72,1.72,1.0,,,,,1.0,True,322.71,291.19,31.519999999999982,0.39,0.37,1,20,6,0,0,0,0,0,0,
1.89,0,10.0,1.341,3.73,7.0,,,,0.6013797233905672,0.241,True,316.47,290.81,25.660000000000025,0.39,0.37,1,20,6,0,0,0,0,0,0,
1.89,0,10.0,1.341,3.73,7.0,,,,0.6013797233905672,0.241,True,325.76,291.77,33.99000000000001,0.39,0.37,1,20,6,0,0,0,0,0,0,
1.43,0,1.0,0.96,0.96,1.0,,,,,1.0,True,317.13,281.97,35.15999999999997,0.39,0.36,1,20,6,0,0,0,0,0,0,
0.65,0,0.0,0.0,0.0,0.0,,,,,0.0,False,304.68,282.47,22.20999999999998,0.4,0.37,1,20,6,0,0,0,0,0,0,
0.99,0,2.0,1.065,1.21,2.0,,,,-0.3657448868206279,1.0,True,304.11,281.06,23.05000000000001,0.4,0.37,1,20,6,0,0,0,0,0,0,
1.09,0,0.0,0.0,0.0,0.0,,,,,0.0,False,306.47,276.18,30.29000000000002,0.4,0.37,1,20,6,0,0,0,0,0,0,
0.53,0,5.0,2.656,5.51,4.0,234.5,730.0,,-1.1946686204620158,0.571,True,300.61,277.12,23.49000000000001,0.4,0.37,1,20,6,1,0,0,1,0,1,
0.69,0,2.0,1.905,2.57,2.0,,,,-1.29193193855888,0.154,True,300.98,277.44,23.54000000000002,0.4,0.37,1,20,6,0,0,0,0,0,0,
2.03,0,5.0,1.01,1.26,4.0,,,,3.6510158476855774,0.143,True,301.93,279.07,22.860000000000014,0.47,0.48,1,20,6,0,0,0,0,0,0,
0.59,0,5.0,1.882,4.03,5.0,,,,-0.9366328077870932,0.152,True,304.24,285.54,18.69999999999999,0.4,0.37,1,20,6,0,0,0,0,0,0,
0.57,0,1.0,3.43,3.43,1.0,,,,,1.0,True,307.2,281.93,25.269999999999982,0.4,0.37,1,20,6,0,0,0,0,0,0,
2.88,0,0.0,0.0,0.0,0.0,,,,,0.0,False,312.71,290.24,22.46999999999997,0.38,0.36,1,20,6,0,0,0,0,0,0,
2.88,0,0.0,0.0,0.0,0.0,,,,,0.0,False,316.75,289.62,27.129999999999995,0.38,0.36,1,20,6,0,0,0,0,0,0,
0.52,0,0.0,0.0,0.0,0.0,,,,,0.0,False,298.19,276.76,21.430000000000007,0.39,0.36,1,20,6,0,0,0,0,0,0,
1.9,0,1.0,0.67,0.67,1.0,,,,,1.0,True,308.55,283.51,25.04000000000002,0.39,0.36,1,20,6,0,0,0,0,0,0,
2.19,0,7.0,1.43,2.22,7.0,,,,1.7895154516388052,0.14,True,314.99,289.03,25.960000000000036,0.39,0.36,1,20,6,0,0,0,0,0,0,
0.28,0,3.0,1.5633333333333337,1.61,3.0,233.7,,,-28.460018931751048,0.333,True,295.47,270.81,24.660000000000025,0.42,0.38,1,20,6,1,0,0,0,0,1,
2.15,0,10.0,1.606,5.97,7.0,252.1,,,0.3443050234315599,0.438,True,309.9,286.63,23.269999999999982,0.44,0.38,1,20,6,1,0,0,0,0,1,
0.75,0,13.0,1.576153846153846,3.3,9.0,,,,-0.9271364713248256,0.17,True,299.81,277.78,22.03000000000003,0.43,0.38,1,20,6,0,0,0,0,0,0,
1.17,0,8.0,1.7925,4.86,6.0,,,,-0.4892731476623168,0.107,True,303.26,276.99,26.269999999999982,0.43,0.38,1,20,6,0,0,0,0,0,0,
0.93,0,8.0,1.7925,4.86,6.0,,,,-0.6779085780863425,0.107,True,316.58,278.07,38.50999999999999,0.43,0.38,1,20,6,0,0,0,0,0,0,
0.93,0,8.0,1.7925,4.86,6.0,,,,-0.6779085780863425,0.107,True,303.9,277.9,26.0,0.43,0.38,1,20,6,0,0,0,0,0,0,
0.27,0,17.0,1.2576470588235291,2.62,13.0,,,,-1.5210434744764547,0.224,True,297.03,275.56,21.46999999999997,0.41,0.37,1,20,6,0,0,0,0,0,0,
1.6,0,29.0,2.530689655172414,8.44,16.0,,,,-0.5560970425980589,0.276,True,311.46,279.46,32.0,0.43,0.38,1,20,6,0,0,0,0,0,0,
1.44,0,19.0,1.9936842105263155,3.51,15.0,,,,-0.6363662722292858,0.254,True,318.25,279.0,39.25,0.43,0.38,1,20,6,0,0,0,0,0,0,
0.66,0,12.0,2.0075,2.93,10.0,,,,-2.543142228013992,0.172,True,303.36,278.85,24.50999999999999,0.43,0.38,1,20,6,0,0,0,0,0,0,
1.44,0,31.0,2.076129032258065,5.17,16.0,,,,-0.6315673225242295,0.276,True,304.5,279.15,25.350000000000023,0.43,0.38,1,20,6,0,0,0,0,0,0,
1.32,0,31.0,2.076129032258065,5.17,16.0,,,,-0.7507067971586175,0.276,True,307.58,279.24,28.339999999999975,0.43,0.38,1,20,6,0,0,0,0,0,0,
4.01,0,31.0,2.076129032258065,5.17,16.0,,,,1.920003092562249,0.276,True,328.99,278.67,50.31999999999999,0.43,0.38,1,20,6,0,0,0,0,0,0,
1.32,0,31.0,2.076129032258065,5.17,16.0,,,,-0.7507067971586175,0.276,True,303.39,278.76,24.629999999999995,0.43,0.38,1,20,6,0,0,0,0,0,0,
0.98,0,2.0,2.32,2.82,2.0,,,,-1.8950461735799475,0.083,True,303.92,278.34,25.58000000000004,0.43,0.38,1,20,6,0,0,0,0,0,0,
0.37,0,1.0,0.8,0.8,1.0,,,,,1.0,True,295.28,270.75,24.529999999999973,0.43,0.38,1,20,6,0,0,0,0,0,0,
0.37,0,4.0,1.1,1.96,4.0,,,,-1.2730836942076595,0.333,True,299.69,272.66,27.029999999999973,0.43,0.38,1,20,6,0,0,0,0,0,0,
1.32,0,7.0,1.0814285714285714,1.19,7.0,,,,2.7340335942434737,0.121,True,306.13,283.68,22.44999999999999,0.44,0.39,1,20,6,0,0,0,0,0,0,
1.18,0,2.0,0.61,0.61,1.0,,,,,1.0,True,303.54,283.42,20.120000000000005,0.45,0.39,1,20,6,0,0,0,0,0,0,
0.42,0,7.0,1.1214285714285714,1.8,5.0,,,,-1.6224159393844126,0.132,True,301.83,287.12,14.70999999999998,0.39,0.44,1,20,6,0,0,0,0,0,0,
1.27,0,0.0,0.0,0.0,0.0,,,,,0.0,False,305.42,290.32,15.100000000000023,0.38,0.36,1,20,6,0,0,0,0,0,0,
0.92,0,4.0,2.03,2.91,3.0,,,,-1.310637695293476,0.167,True,307.66,279.96,27.700000000000045,0.39,0.36,1,20,6,0,0,0,0,0,0,
0.85,0,0.0,0.0,0.0,0.0,,,,,0.0,False,305.01,289.16,15.849999999999966,0.39,0.36,1,20,6,0,0,0,0,0,0,
1.01,0,0.0,0.0,0.0,0.0,,,,,0.0,False,309.64,289.93,19.70999999999998,0.42,0.45,1,20,6,0,0,0,0,0,0,
1.97,0,10.0,3.393,8.31,5.0,,,,-0.6805660600586869,0.227,True,305.78,290.01,15.769999999999982,0.49,0.49,1,20,6,0,0,0,0,0,0,
1.88,0,0.0,0.0,0.0,0.0,,,,,0.0,False,314.58,291.12,23.45999999999998,0.47,0.4,1,20,6,0,0,0,0,0,0,
0.44,0,0.0,0.0,0.0,0.0,,,,,0.0,False,308.74,290.41,18.329999999999984,0.39,0.36,1,20,6,0,0,0,0,0,0,
0.67,0,9.0,0.5588888888888888,0.78,8.0,,,,0.5448580048393126,0.157,True,304.96,292.05,12.909999999999968,0.39,0.36,1,20,6,0,0,0,0,0,0,
0.84,0,0.0,0.0,0.0,0.0,,,,,0.0,False,305.74,292.29,13.449999999999989,0.39,0.36,1,20,6,0,0,0,0,0,0,
1.32,0,0.0,0.0,0.0,0.0,,,,,0.0,False,307.81,275.69,32.120000000000005,0.4,0.37,1,20,6,0,0,0,0,0,0,
0.79,0,13.0,2.246923076923077,3.53,12.0,,,,-1.5813811612598991,0.2,True,302.97,289.55,13.420000000000016,0.45,0.63,1,22,6,0,0,0,0,0,0,
0.33,0,0.0,0.0,0.0,0.0,,,,,0.0,False,303.05,290.22,12.829999999999984,0.43,0.62,1,22,6,0,0,0,0,0,0,
1.15,0,11.0,1.3436363636363635,3.45,11.0,315.2,,,-0.1893356521249018,0.458,True,301.83,290.28,11.550000000000011,0.45,0.63,1,22,6,1,0,0,0,0,1,
1.13,0,5.0,1.214,1.89,5.0,,,,-0.2064000438073611,0.119,True,301.95,290.28,11.670000000000016,0.45,0.63,1,22,6,0,0,0,0,0,0,
1.79,0,32.0,1.7015625,3.33,26.0,625.3,294.2,,0.1097274710399808,0.448,True,312.36,294.27,18.090000000000032,0.49,0.65,1,22,6,1,0,0,1,0,1,
5.32,0,0.0,0.0,0.0,0.0,,,,,0.0,False,331.59,294.65,36.94,0.33,0.55,0,7,0,0,0,0,0,0,0,
5.47,0,0.0,0.0,0.0,0.0,,,,,0.0,False,331.26,295.48,35.77999999999997,0.57,0.52,0,7,0,0,0,0,0,0,0,
7.53,0,0.0,0.0,0.0,0.0,,,,,0.0,False,332.58,294.51,38.06999999999999,0.63,0.54,0,7,0,0,0,0,0,0,0,
9.1,0,0.0,0.0,0.0,0.0,,,,,0.0,False,330.51,294.82,35.69,0.63,0.54,0,7,0,0,0,0,0,0,0,
8.99,0,0.0,0.0,0.0,0.0,,,,,0.0,False,343.14,295.07,48.06999999999999,0.64,0.54,0,7,0,0,0,0,0,0,0,
3.64,0,0.0,0.0,0.0,0.0,,,,,0.0,False,331.36,288.14,43.22000000000003,0.62,0.54,0,7,0,0,0,0,0,0,0,
5.23,0,0.0,0.0,0.0,0.0,,,,,0.0,False,340.17,292.88,47.29000000000002,0.35,0.56,0,7,0,0,0,0,0,0,0,
6.31,0,0.0,0.0,0.0,0.0,,,,,0.0,False,331.97,291.48,40.49000000000001,0.34,0.56,0,7,0,0,0,0,0,0,0,
5.18,0,0.0,0.0,0.0,0.0,,,,,0.0,False,351.75,292.84,58.910000000000025,0.34,0.56,0,7,0,0,0,0,0,0,0,
5.01,0,0.0,0.0,0.0,0.0,,,,,0.0,False,333.28,293.44,39.839999999999975,0.6,0.53,0,7,0,0,0,0,0,0,0,
3.86,0,0.0,0.0,0.0,0.0,,,,,0.0,False,349.05,294.46,54.59000000000003,0.33,0.55,0,7,0,0,0,0,0,0,0,
3.68,0,0.0,0.0,0.0,0.0,,,,,0.0,False,343.55,290.9,52.650000000000034,0.34,0.56,0,7,0,0,0,0,0,0,0,
3.14,0,0.0,0.0,0.0,0.0,,,,,0.0,False,341.44,292.58,48.860000000000014,0.33,0.55,0,7,0,0,0,0,0,0,0,
3.14,0,0.0,0.0,0.0,0.0,,,,,0.0,False,331.57,291.07,40.5,0.33,0.55,0,7,0,0,0,0,0,0,0,
3.5,0,0.0,0.0,0.0,0.0,,,,,0.0,False,341.05,294.14,46.910000000000025,0.33,0.56,0,7,0,0,0,0,0,0,0,
9.34,2,0.0,0.0,0.0,0.0,,,,,0.0,False,367.0,295.34,71.66000000000003,0.33,0.56,0,7,0,0,0,0,0,0,0,
1.88,0,0.0,0.0,0.0,0.0,,,,,0.0,False,331.9,289.74,42.15999999999997,0.32,0.55,0,7,0,0,0,0,0,0,0,
2.14,0,0.0,0.0,0.0,0.0,,,,,0.0,False,332.28,292.88,39.39999999999998,0.32,0.55,0,7,0,0,0,0,0,0,0,
2.13,0,0.0,0.0,0.0,0.0,,,,,0.0,False,332.12,293.52,38.60000000000002,0.33,0.55,0,7,0,0,0,0,0,0,0,
6.74,0,0.0,0.0,0.0,0.0,,,,,0.0,False,339.88,293.17,46.70999999999998,0.58,0.52,0,7,0,0,0,0,0,0,0,
6.74,0,0.0,0.0,0.0,0.0,,,,,0.0,False,340.22,293.12,47.10000000000002,0.58,0.52,0,7,0,0,0,0,0,0,0,
11.4,0,0.0,0.0,0.0,0.0,,,,,0.0,False,351.82,293.31,58.50999999999999,0.58,0.52,0,7,0,0,0,0,0,0,0,
5.87,0,1.0,2.89,2.89,1.0,,,,,1.0,True,332.45,290.59,41.860000000000014,0.32,0.54,0,7,0,0,0,0,0,0,0,
3.22,0,0.0,0.0,0.0,0.0,,,,,0.0,False,330.11,293.36,36.75,0.33,0.55,0,7,0,0,0,0,0,0,0,
1.9,0,0.0,0.0,0.0,0.0,,,,,0.0,False,330.11,291.81,38.30000000000001,0.33,0.56,0,7,0,0,0,0,0,0,0,
2.89,0,0.0,0.0,0.0,0.0,,,,,0.0,False,338.1,290.38,47.72000000000003,0.33,0.56,0,7,0,0,0,0,0,0,0,
4.6,0,0.0,0.0,0.0,0.0,,,,,0.0,False,344.56,291.59,52.97000000000003,0.32,0.55,0,7,0,0,0,0,0,0,0,
6.87,0,0.0,0.0,0.0,0.0,,,,,0.0,False,331.46,290.23,41.22999999999996,0.61,0.53,0,7,0,0,0,0,0,0,0,
9.32,0,0.0,0.0,0.0,0.0,,,,,0.0,False,341.11,289.34,51.77000000000004,0.6,0.53,0,7,0,0,0,0,0,0,0,
4.81,0,0.0,0.0,0.0,0.0,,,,,0.0,False,334.28,290.41,43.86999999999995,0.59,0.53,0,7,0,0,0,0,0,0,0,
10.05,0,0.0,0.0,0.0,0.0,,,,,0.0,False,337.97,290.01,47.960000000000036,0.59,0.53,0,7,0,0,0,0,0,0,0,
8.32,0,0.0,0.0,0.0,0.0,,,,,0.0,False,332.21,291.7,40.50999999999999,0.59,0.53,0,7,0,0,0,0,0,0,0,
2.66,0,0.0,0.0,0.0,0.0,,,,,0.0,False,333.26,288.8,44.45999999999998,0.49,0.65,0,7,0,0,0,0,0,0,0,
7.59,0,0.0,0.0,0.0,0.0,,,,,0.0,False,334.7,292.51,42.19,0.6,0.53,0,7,0,0,0,0,0,0,0,
2.76,0,0.0,0.0,0.0,0.0,,,,,0.0,False,336.71,293.64,43.06999999999999,0.43,0.62,0,7,0,0,0,0,0,0,0,
5.25,0,0.0,0.0,0.0,0.0,,,,,0.0,False,332.12,295.76,36.360000000000014,0.37,0.58,0,7,0,0,0,0,0,0,0,
4.96,0,0.0,0.0,0.0,0.0,,,,,0.0,False,330.62,298.11,32.50999999999999,0.47,0.64,0,7,0,0,0,0,0,0,0,
4.29,0,0.0,0.0,0.0,0.0,,,,,0.0,False,335.07,295.31,39.75999999999999,0.34,0.56,0,7,0,0,0,0,0,0,0,
2.88,0,0.0,0.0,0.0,0.0,,,,,0.0,False,333.59,297.1,36.48999999999995,0.32,0.55,0,7,0,0,0,0,0,0,0,
2.95,1,0.0,0.0,0.0,0.0,,,,,0.0,False,330.13,304.36,25.769999999999982,0.38,0.59,0,7,0,0,0,0,0,0,0,
4.79,0,0.0,0.0,0.0,0.0,,,,,0.0,False,341.01,304.06,36.94999999999999,0.39,0.59,0,7,0,0,0,0,0,0,0,
2.84,0,0.0,0.0,0.0,0.0,,,,,0.0,False,336.72,298.92,37.80000000000001,0.35,0.57,0,7,0,0,0,0,0,0,0,
1.87,0,0.0,0.0,0.0,0.0,,,,,0.0,False,346.49,299.5,46.99000000000001,0.35,0.57,0,7,0,0,0,0,0,0,0,
4.15,0,0.0,0.0,0.0,0.0,,,,,0.0,False,333.82,294.2,39.620000000000005,0.61,0.54,0,7,0,0,0,0,0,0,0,
6.22,0,0.0,0.0,0.0,0.0,,,,,0.0,False,345.5,300.87,44.629999999999995,0.54,0.51,0,7,0,0,0,0,0,0,0,
4.19,0,0.0,0.0,0.0,0.0,,,,,0.0,False,330.2,296.64,33.56,0.39,0.59,0,7,0,0,0,0,0,0,0,
5.12,0,0.0,0.0,0.0,0.0,,,,,0.0,False,333.85,296.59,37.26000000000005,0.39,0.6,0,7,0,0,0,0,0,0,0,
4.63,0,0.0,0.0,0.0,0.0,,,,,0.0,False,331.62,292.91,38.70999999999998,0.56,0.52,0,7,0,0,0,0,0,0,0,
8.26,0,0.0,0.0,0.0,0.0,,,,,0.0,False,335.91,293.91,42.0,0.6,0.53,0,7,0,0,0,0,0,0,0,
7.63,0,0.0,0.0,0.0,0.0,,,,,0.0,False,342.98,294.56,48.420000000000016,0.56,0.51,0,7,0,0,0,0,0,0,0,
7.63,0,0.0,0.0,0.0,0.0,,,,,0.0,False,339.26,293.27,45.99000000000001,0.56,0.51,0,7,0,0,0,0,0,0,0,
4.75,0,0.0,0.0,0.0,0.0,,,,,0.0,False,334.19,300.16,34.02999999999997,0.51,0.5,0,7,0,0,0,0,0,0,0,
1.5,0,0.0,0.0,0.0,0.0,,,,,0.0,False,330.57,295.03,35.54000000000002,0.33,0.55,0,7,0,0,0,0,0,0,0,
3.29,0,0.0,0.0,0.0,0.0,,,,,0.0,False,335.62,297.28,38.34000000000003,0.51,0.49,0,7,0,0,0,0,0,0,0,
4.47,0,0.0,0.0,0.0,0.0,,,,,0.0,False,334.26,295.46,38.80000000000001,0.54,0.51,0,7,0,0,0,0,0,0,0,
3.28,0,0.0,0.0,0.0,0.0,,,,,0.0,False,338.45,295.2,43.25,0.43,0.46,0,7,0,0,0,0,0,0,0,
3.14,0,0.0,0.0,0.0,0.0,,,,,0.0,False,331.26,291.63,39.629999999999995,0.5,0.49,0,7,0,0,0,0,0,0,0,
4.75,0,0.0,0.0,0.0,0.0,,,,,0.0,False,334.31,292.52,41.79000000000002,0.49,0.49,0,7,0,0,0,0,0,0,0,
5.71,1,0.0,0.0,0.0,0.0,,,,,0.0,False,331.71,299.65,32.06,0.47,0.4,0,7,0,0,0,0,0,0,0,
5.26,1,0.0,0.0,0.0,0.0,,,,,0.0,False,330.09,298.6,31.489999999999952,0.45,0.39,0,7,0,0,0,0,0,0,0,
7.63,1,10.0,1.6350000000000002,2.41,5.0,49.6,,,11.633407711217677,0.085,True,330.22,298.74,31.480000000000018,0.5,0.41,0,7,0,1,0,0,0,0,1,
6.35,0,6.0,1.5516666666666667,2.27,4.0,,,,6.405088495370253,0.114,True,335.93,300.8,35.129999999999995,0.39,0.36,0,7,0,0,0,0,0,0,0,
7.26,0,17.0,3.313529411764706,9.07,9.0,,,,1.6186895410363888,0.15,True,333.19,300.43,32.75999999999999,0.39,0.36,0,7,0,0,0,0,0,0,0,
11.19,0,4.0,3.4075,6.05,3.0,,,,3.820635761283584,0.081,True,339.1,301.49,37.610000000000014,0.39,0.36,0,7,0,0,0,0,0,0,0,
7.38,0,2.0,1.515,1.63,2.0,,,,36.06244584051393,0.059,True,336.42,300.85,35.56999999999999,0.39,0.36,0,7,0,0,0,0,0,0,0,
3.53,0,13.0,2.730769230769231,5.16,8.0,,,,0.6732788402245895,0.216,True,332.71,296.58,36.129999999999995,0.39,0.36,0,7,0,0,0,0,0,0,0,
3.53,0,13.0,2.730769230769231,5.16,8.0,,,,0.6732788402245895,0.216,True,341.59,299.56,42.02999999999997,0.39,0.36,0,7,0,0,0,0,0,0,0,
8.19,0,13.0,2.730769230769231,5.16,8.0,,,,4.598902722881533,0.216,True,340.65,299.45,41.19999999999999,0.39,0.36,0,7,0,0,0,0,0,0,0,
8.12,0,3.0,1.653333333333333,1.86,3.0,1453.9,,,24.0942670262516,0.107,True,343.09,298.42,44.66999999999996,0.39,0.36,0,7,0,1,0,0,0,0,1,
6.25,0,3.0,2.03,3.33,3.0,,,,3.715502824694133,0.05,True,332.89,299.3,33.589999999999975,0.39,0.36,0,7,0,0,0,0,0,0,0,
3.52,0,3.0,2.03,3.33,3.0,,,,1.3118718504251796,0.05,True,330.49,297.96,32.53000000000003,0.39,0.36,0,7,0,0,0,0,0,0,0,
5.82,0,9.0,2.0677777777777777,8.4,6.0,,,,1.547282552430094,0.162,True,330.4,296.72,33.67999999999995,0.39,0.36,0,7,0,0,0,0,0,0,0,
8.78,0,2.0,1.66,2.12,2.0,,,,10.94478322184395,0.041,True,339.73,300.76,38.97000000000003,0.38,0.36,0,7,0,0,0,0,0,0,0,
5.93,0,14.0,2.7328571428571427,7.71,6.0,,,,1.7262003117034197,0.122,True,335.31,301.63,33.68000000000001,0.38,0.36,0,7,0,0,0,0,0,0,0,
4.31,0,4.0,0.89,1.01,2.0,1069.9,,,24.6817240078565,0.125,True,330.75,299.51,31.24000000000001,0.38,0.36,0,7,0,1,0,0,0,0,1,
5.31,0,9.0,1.3544444444444443,2.6,5.0,,,,6.657611170035419,0.102,True,336.57,300.55,36.01999999999998,0.38,0.36,0,7,0,0,0,0,0,0,0,
5.21,0,23.0,2.6769565217391302,8.43,8.0,,,,1.2837259911965675,0.211,True,342.39,298.79,43.599999999999966,0.39,0.36,0,7,0,0,0,0,0,0,0,
5.21,0,17.0,2.751176470588235,9.11,7.0,,,,1.1547131226734475,0.117,True,336.28,297.87,38.40999999999997,0.39,0.36,0,7,0,0,0,0,0,0,0,
4.11,0,14.0,2.7328571428571427,7.71,6.0,,,,0.7435465149607227,0.122,True,335.32,300.01,35.31,0.38,0.36,0,7,0,0,0,0,0,0,0,
3.85,0,7.0,1.6614285714285713,3.04,4.0,,,,2.734331194137069,0.222,True,330.76,297.63,33.129999999999995,0.39,0.36,0,7,0,0,0,0,0,0,0,
12.41,2,0.0,0.0,0.0,0.0,,,,,0.0,False,367.0,291.95,75.05000000000001,0.34,0.56,0,7,0,0,0,0,0,0,0,
10.69,2,0.0,0.0,0.0,0.0,,,,,0.0,False,367.0,291.67,75.32999999999998,0.34,0.56,0,7,0,0,0,0,0,0,0,
3.63,1,6.0,3.2716666666666665,7.89,4.0,,,,0.1503054817722932,0.098,True,331.65,299.85,31.799999999999955,0.4,0.37,0,7,0,0,0,0,0,0,0,
12.68,1,27.0,4.3566666666666665,13.51,8.0,,,,2.677747663565994,0.216,True,340.17,300.69,39.48000000000002,0.41,0.37,0,7,0,0,0,0,0,0,0,
11.39,1,27.0,4.3566666666666665,13.51,8.0,,,,2.262734309220764,0.216,True,341.41,300.15,41.26000000000005,0.41,0.37,0,7,0,0,0,0,0,0,0,
7.87,1,2.0,2.905,2.94,1.0,988.0,741.3,,100.30814767403444,1.0,True,336.81,299.79,37.01999999999998,0.41,0.37,0,7,0,1,0,0,1,0,1,
5.12,1,2.0,2.905,2.94,1.0,988.0,741.3,,44.749757723662896,1.0,True,333.67,296.86,36.81,0.41,0.37,0,7,0,1,0,0,1,0,1,
7.95,1,2.0,1.45,1.45,1.0,,,,,1.0,True,330.61,299.44,31.170000000000016,0.4,0.37,0,7,0,0,0,0,0,0,0,
5.38,1,1.0,0.38,0.38,1.0,,,,,1.0,True,335.17,299.72,35.44999999999999,0.4,0.37,0,7,0,0,0,0,0,0,0,
3.47,0,2.0,1.58,1.66,1.0,1261.4,,,16.70539770553218,1.0,True,337.56,297.82,39.74000000000001,0.39,0.36,0,7,0,1,0,0,0,0,1,
10.02,1,19.0,2.906842105263158,7.52,6.0,,,,4.649983082684812,0.14,True,336.1,298.18,37.920000000000016,0.45,0.39,0,7,0,0,0,0,0,0,0,
4.01,0,6.0,2.64,4.4,5.0,,,,1.2745426873183885,0.139,True,330.51,299.25,31.25999999999999,0.39,0.36,0,7,0,0,0,0,0,0,0,
3.54,0,2.0,1.5699999999999998,1.65,2.0,260.7,,,17.41250448671873,0.667,True,339.35,297.88,41.47000000000003,0.39,0.36,0,7,0,1,0,0,0,0,1,
3.54,0,6.0,2.64,4.4,5.0,,,,0.8372908164865327,0.139,True,331.58,297.26,34.31999999999999,0.39,0.36,0,7,0,0,0,0,0,0,0,
4.45,0,34.0,2.769117647058824,9.1,11.0,,,,0.7497239196524984,0.268,True,332.82,298.25,34.56999999999999,0.39,0.37,0,7,0,0,0,0,0,0,0,
4.45,0,34.0,2.769117647058824,9.1,11.0,,,,0.7497239196524984,0.268,True,332.32,297.7,34.620000000000005,0.39,0.37,0,7,0,0,0,0,0,0,0,
8.43,0,10.0,2.427,5.68,8.0,,,,3.6838305281169568,0.229,True,345.21,298.93,46.27999999999997,0.39,0.37,0,7,0,0,0,0,0,0,0,
5.65,0,24.0,2.7245833333333334,8.89,10.0,,,,1.1429084833834666,0.294,True,333.91,296.78,37.13000000000005,0.4,0.37,0,7,0,0,0,0,0,0,0,
3.06,0,21.0,2.818095238095238,6.64,13.0,,,,0.1646744131931053,0.325,True,331.95,297.04,34.90999999999997,0.4,0.37,0,7,0,0,0,0,0,0,0,
3.06,0,6.0,4.711666666666667,8.6,6.0,,,,-0.5390499396553247,0.176,True,338.87,299.15,39.72000000000003,0.4,0.37,0,7,0,0,0,0,0,0,0,
3.06,0,6.0,4.711666666666667,8.6,6.0,,,,-0.5390499396553247,0.176,True,332.5,297.34,35.160000000000025,0.4,0.37,0,7,0,0,0,0,0,0,0,
2.85,0,38.0,2.205,7.66,16.0,,,,0.4399733290281897,0.356,True,333.45,296.78,36.670000000000016,0.39,0.37,0,7,0,0,0,0,0,0,0,
2.85,0,38.0,2.205,7.66,16.0,,,,0.4399733290281897,0.356,True,334.9,296.73,38.16999999999996,0.39,0.37,0,7,0,0,0,0,0,0,0,
1.86,0,6.0,1.45,3.37,5.0,,,,0.4096805736802473,0.227,True,332.56,292.41,40.14999999999998,0.39,0.36,0,7,0,0,0,0,0,0,0,
4.15,0,22.0,2.9740909090909096,6.95,14.0,,,,0.6274541181862873,0.333,True,335.05,297.07,37.98000000000002,0.39,0.36,0,7,0,0,0,0,0,0,0,
4.15,0,22.0,2.9740909090909096,6.95,14.0,,,,0.6274541181862873,0.333,True,343.5,297.8,45.69999999999999,0.39,0.36,0,7,0,0,0,0,0,0,0,
3.67,0,0.0,0.0,0.0,0.0,,,,,0.0,False,331.22,291.4,39.82000000000005,0.63,0.54,0,7,0,0,0,0,0,0,0,
5.51,0,0.0,0.0,0.0,0.0,,,,,0.0,False,333.71,295.36,38.349999999999966,0.62,0.54,0,7,0,0,0,0,0,0,0,
3.55,0,0.0,0.0,0.0,0.0,,,,,0.0,False,331.24,300.47,30.769999999999982,0.58,0.52,0,7,0,0,0,0,0,0,0,
1.06,0,0.0,0.0,0.0,0.0,,,,,0.0,False,331.82,301.58,30.24000000000001,0.47,0.64,0,7,0,0,0,0,0,0,0,
1.69,0,0.0,0.0,0.0,0.0,,,,,0.0,False,333.69,302.64,31.05000000000001,0.47,0.64,0,7,0,0,0,0,0,0,0,
3.38,0,1.0,2.44,2.44,1.0,,,,,1.0,True,347.42,307.76,39.660000000000025,0.38,0.36,0,7,0,0,0,0,0,0,0,
3.38,0,0.0,0.0,0.0,0.0,,,,,0.0,False,341.74,308.38,33.360000000000014,0.38,0.36,0,7,0,0,0,0,0,0,0,
2.94,0,1.0,4.89,4.89,1.0,,,,,1.0,True,345.61,309.41,36.19999999999999,0.38,0.36,0,7,0,0,0,0,0,0,0,
2.94,0,1.0,4.89,4.89,1.0,,,,,1.0,True,339.76,308.74,31.019999999999982,0.38,0.36,0,7,0,0,0,0,0,0,0,
2.94,1,1.0,4.89,4.89,1.0,,,,,1.0,True,339.6,311.13,28.470000000000027,0.38,0.36,0,7,0,0,0,0,0,0,0,
