source_row_id,latitude,longitude,acq_datetime,suggested_label,suggested_class,why_suggested,label,frp,confidence,historical_count,historical_frp_mean,historical_frp_max,persistence_days,persistence_ratio,has_baseline,frp_zscore,bright_ti4,bright_ti5,brightness_difference,is_night,osm_queried,near_industrial,near_residential,near_agriculture,industrial_distance,residential_distance
957,25.38699,68.58179,2026-09-06 22:08:00,0,PERSISTENT_SOURCE,"Recurring cell: 32 historical detections across 26 active days (45% of the observed span), FRP in line with its own history.",,1.79,0,32.0,1.7015625,3.33,26.0,0.448,True,0.1097274710399808,312.36,294.27,18.090000000000032,1,1,1,1,0,625.3,294.2
282,8.76241,78.10452,2026-09-05 08:13:00,1,OTHER_ANOMALY,"Weak / one-off detection: no baseline, low FIRMS confidence",,2.68,1,0.0,0.0,0.0,0.0,0.0,False,,333.26,302.74,30.519999999999985,0,0,0,0,0,,
429,21.92067,83.35186,2026-09-05 08:18:00,2,NEW_ABNORMAL_EVENT,"Known thermal cell but FRP is anomalous (z=8.4, above historical peak) — escalation watch.",,7.73,0,10.0,2.214,3.45,5.0,0.122,True,8.400930866659817,334.17,294.02,40.150000000000034,0,1,1,1,0,804.4,1012.8
609,25.38985,68.5817,2026-09-05 20:46:00,0,PERSISTENT_SOURCE,"Recurring cell: 32 historical detections across 26 active days (45% of the observed span), FRP in line with its own history.",,1.86,0,32.0,1.7015625,3.33,26.0,0.448,True,0.1965788968808138,309.94,294.74,15.199999999999989,1,1,1,1,0,625.3,294.2
281,8.75273,80.53033,2026-09-05 08:13:00,1,OTHER_ANOMALY,"Weak / one-off detection: low FRP (1.7), no baseline",,1.71,0,0.0,0.0,0.0,0.0,0.0,False,,335.04,300.96,34.08000000000004,0,0,0,0,0,,
416,19.10191,82.16685,2026-09-05 08:18:00,2,NEW_ABNORMAL_EVENT,Known thermal cell but FRP is anomalous (z=6.0) — escalation watch.,,4.75,0,10.0,1.6350000000000002,2.41,5.0,0.085,True,6.044714765711936,333.53,295.65,37.88,0,1,1,0,0,49.6,
608,25.38617,68.58049,2026-09-05 20:46:00,0,PERSISTENT_SOURCE,"Recurring cell: 32 historical detections across 26 active days (45% of the observed span), FRP in line with its own history.",,1.89,0,32.0,1.7015625,3.33,26.0,0.448,True,0.2338009365268848,306.42,294.73,11.689999999999998,1,1,1,1,0,625.3,294.2
280,8.75219,80.52672,2026-09-05 08:13:00,1,OTHER_ANOMALY,"Weak / one-off detection: low FRP (1.7), no baseline",,1.71,0,0.0,0.0,0.0,0.0,0.0,False,,336.61,294.41,42.19999999999999,0,0,0,0,0,,
432,23.68271,86.39385,2026-09-05 08:18:00,2,NEW_ABNORMAL_EVENT,Known thermal cell but FRP is anomalous (z=2.6) — escalation watch.,,8.81,0,15.0,2.926,8.3,9.0,0.155,True,2.58269052634663,331.16,291.17,39.99000000000001,0,0,0,0,0,,
561,22.37881,87.27996,2026-09-05 20:46:00,0,PERSISTENT_SOURCE,"Recurring cell: 30 historical detections across 13 active days (36% of the observed span), FRP in line with its own history.",,2.47,0,30.0,2.945,7.49,13.0,0.361,True,-0.242236561276297,318.15,285.4,32.75,1,0,0,0,0,,
279,8.75096,80.54166,2026-09-05 08:13:00,1,OTHER_ANOMALY,Weak / one-off detection: no baseline,,4.52,0,0.0,0.0,0.0,0.0,0.0,False,,334.99,301.44,33.55000000000001,0,0,0,0,0,,
457,23.69161,87.117,2026-09-05 19:06:00,2,NEW_ABNORMAL_EVENT,Known thermal cell but FRP is anomalous (z=3.0) — escalation watch.,,4.15,0,16.0,1.42125,3.42,8.0,0.211,True,2.970765948423636,309.44,285.14,24.30000000000001,1,0,0,0,0,,
430,22.3772,87.27846,2026-09-05 08:18:00,0,PERSISTENT_SOURCE,"Recurring cell: 30 historical detections across 13 active days (36% of the observed span), FRP in line with its own history.",,6.49,0,30.0,2.945,7.49,13.0,0.361,True,1.8078497046831024,333.8,290.72,43.079999999999984,0,0,0,0,0,,
278,8.75043,80.53805,2026-09-05 08:13:00,1,OTHER_ANOMALY,Weak / one-off detection: no baseline,,4.26,0,0.0,0.0,0.0,0.0,0.0,False,,338.35,301.87,36.48000000000002,0,0,0,0,0,,
571,22.78704,86.20657,2026-09-05 20:46:00,2,NEW_ABNORMAL_EVENT,Known thermal cell but FRP is anomalous (z=2.2) — escalation watch.,,2.71,0,11.0,1.071818181818182,3.0,7.0,0.25,True,2.1530131729688287,336.36,289.55,46.81,1,0,0,0,0,,
560,22.37874,87.28191,2026-09-05 20:46:00,0,PERSISTENT_SOURCE,"Recurring cell: 30 historical detections across 13 active days (36% of the observed span), FRP in line with its own history.",,1.08,0,30.0,2.945,7.49,13.0,0.361,True,-0.9510972353269352,307.02,284.97,22.049999999999955,1,0,0,0,0,,
283,8.76995,80.10387,2026-09-05 08:13:00,1,OTHER_ANOMALY,Weak / one-off detection: no baseline,,4.48,0,0.0,0.0,0.0,0.0,0.0,False,,337.67,303.09,34.58000000000004,0,0,0,0,0,,
910,24.76391,74.60693,2026-09-06 20:27:00,2,NEW_ABNORMAL_EVENT,Known thermal cell but FRP is anomalous (z=3.7) — escalation watch.,,2.03,0,5.0,1.01,1.26,4.0,0.143,True,3.6510158476855774,301.93,279.07,22.860000000000014,1,0,0,0,0,,
451,22.38052,87.27566,2026-09-05 19:06:00,0,PERSISTENT_SOURCE,"Recurring cell: 30 historical detections across 13 active days (36% of the observed span), FRP in line with its own history.",,3.53,0,30.0,2.945,7.49,13.0,0.361,True,0.2983334491508081,312.79,285.85,26.94,1,0,0,0,0,,
292,8.8223,80.99955,2026-09-05 08:13:00,1,OTHER_ANOMALY,Weak / one-off detection: no baseline,,5.32,0,0.0,0.0,0.0,0.0,0.0,False,,343.31,302.17,41.13999999999999,0,0,0,0,0,,
935,15.33194,76.28572,2026-09-06 20:29:00,2,NEW_ABNORMAL_EVENT,Known thermal cell but FRP is anomalous (z=2.7) — escalation watch.,,1.32,0,7.0,1.0814285714285714,1.19,7.0,0.121,True,2.7340335942434737,306.13,283.68,22.44999999999999,1,0,0,0,0,,
450,22.37548,87.27741,2026-09-05 19:06:00,0,PERSISTENT_SOURCE,"Recurring cell: 30 historical detections across 13 active days (36% of the observed span), FRP in line with its own history.",,4.57,0,30.0,2.945,7.49,13.0,0.361,True,0.8287040254189117,315.33,285.35,29.97999999999996,1,0,0,0,0,,
289,8.81116,80.85354,2026-09-05 08:13:00,1,OTHER_ANOMALY,Weak / one-off detection: thin history (1 detections),,4.45,0,1.0,2.95,2.95,1.0,1.0,True,,343.29,301.96,41.33000000000004,0,0,0,0,0,,
518,20.9525,86.045,2026-09-05 20:46:00,2,NEW_ABNORMAL_EVENT,Known thermal cell but FRP is anomalous (z=3.4) — escalation watch.,,4.04,0,7.0,1.9514285714285715,2.7,6.0,0.122,True,3.4315152138107226,320.13,288.64,31.49000000000001,1,0,0,0,0,,
562,22.37973,87.27766,2026-09-05 20:46:00,0,PERSISTENT_SOURCE,"Recurring cell: 30 historical detections across 13 active days (36% of the observed span), FRP in line with its own history.",,1.08,0,30.0,2.945,7.49,13.0,0.361,True,-0.9510972353269352,308.18,284.46,23.720000000000027,1,0,0,0,0,,
285,8.7973,80.39112,2026-09-05 08:13:00,1,OTHER_ANOMALY,Weak / one-off detection: no baseline,,5.15,0,0.0,0.0,0.0,0.0,0.0,False,,336.46,301.83,34.629999999999995,0,0,0,0,0,,
622,17.60913,83.20568,2026-09-05 20:49:00,2,NEW_ABNORMAL_EVENT,"Known thermal cell but FRP is anomalous (z=3.7, above historical peak) — escalation watch.",,6.72,0,5.0,2.208,3.29,5.0,0.106,True,3.74860231274666,317.89,290.33,27.56,1,0,0,0,0,,
604,23.75916,86.40092,2026-09-05 20:46:00,0,PERSISTENT_SOURCE,"Recurring cell: 38 historical detections across 16 active days (36% of the observed span), FRP in line with its own history.",,1.87,0,38.0,2.205,7.66,16.0,0.356,True,-0.2285132794177419,297.2,258.38,38.81999999999999,1,0,0,0,0,,
900,23.16375,82.34019,2026-09-06 20:27:00,1,OTHER_ANOMALY,Weak / one-off detection: thin history (1 detections),,2.14,0,1.0,1.72,1.72,1.0,1.0,True,,321.44,291.06,30.379999999999995,1,0,0,0,0,,
633,21.10577,72.64375,2026-09-05 20:49:00,2,NEW_ABNORMAL_EVENT,Known thermal cell but FRP is anomalous (z=2.6) — escalation watch.,,8.99,0,19.0,3.3057894736842104,9.26,11.0,0.216,True,2.630021967189503,331.2,294.54,36.65999999999997,1,0,0,0,0,,
1097,23.75722,86.40472,2026-09-07 07:39:00,0,PERSISTENT_SOURCE,"Recurring cell: 38 historical detections across 16 active days (36% of the observed span), FRP in line with its own history.",,2.85,0,38.0,2.205,7.66,16.0,0.356,True,0.4399733290281897,333.45,296.78,36.670000000000016,0,0,0,0,0,,
235,8.58409,80.36593,2026-09-05 08:13:00,1,OTHER_ANOMALY,Weak / one-off detection: no baseline,,3.71,0,0.0,0.0,0.0,0.0,0.0,False,,337.15,302.31,34.839999999999975,0,0,0,0,0,,
895,22.31718,82.55957,2026-09-06 20:27:00,2,NEW_ABNORMAL_EVENT,Known thermal cell but FRP is anomalous (z=2.1) — escalation watch.,,2.02,0,5.0,1.63,1.88,3.0,0.5,True,2.0569093847245714,308.04,288.06,19.980000000000015,1,1,0,0,0,,
436,23.75978,86.40414,2026-09-05 08:18:00,0,PERSISTENT_SOURCE,"Recurring cell: 38 historical detections across 16 active days (36% of the observed span), FRP in line with its own history.",,4.93,0,38.0,2.205,7.66,16.0,0.356,True,1.858802048995065,328.16,289.56,38.60000000000002,0,0,0,0,0,,
234,8.58355,80.36236,2026-09-05 08:13:00,1,OTHER_ANOMALY,Weak / one-off detection: no baseline,,3.71,0,0.0,0.0,0.0,0.0,0.0,False,,345.95,304.31,41.63999999999999,0,0,0,0,0,,
626,19.09932,82.16781,2026-09-05 20:49:00,2,NEW_ABNORMAL_EVENT,Known thermal cell but FRP is anomalous (z=3.0) — escalation watch.,,3.2,0,10.0,1.6350000000000002,2.41,5.0,0.085,True,3.036911270734889,317.65,288.78,28.870000000000005,1,1,1,0,0,49.6,
1098,23.76057,86.40414,2026-09-07 07:39:00,0,PERSISTENT_SOURCE,"Recurring cell: 38 historical detections across 16 active days (36% of the observed span), FRP in line with its own history.",,2.85,0,38.0,2.205,7.66,16.0,0.356,True,0.4399733290281897,334.9,296.73,38.16999999999996,0,0,0,0,0,,
233,8.58073,80.36644,2026-09-05 08:13:00,1,OTHER_ANOMALY,Weak / one-off detection: no baseline,,3.71,0,0.0,0.0,0.0,0.0,0.0,False,,349.09,303.15,45.94,0,0,0,0,0,,
417,20.86472,84.9909,2026-09-05 08:18:00,2,NEW_ABNORMAL_EVENT,Known thermal cell but FRP is anomalous (z=3.0) — escalation watch.,,6.34,0,13.0,2.730769230769231,5.16,8.0,0.216,True,3.040446889637897,330.54,293.37,37.170000000000016,0,0,0,0,0,,
435,23.75821,86.40292,2026-09-05 08:18:00,0,PERSISTENT_SOURCE,"Recurring cell: 38 historical detections across 16 active days (36% of the observed span), FRP in line with its own history.",,4.62,0,38.0,2.205,7.66,16.0,0.356,True,1.6473419993846177,331.56,290.06,41.5,0,0,0,0,0,,
232,8.56992,80.77787,2026-09-05 08:13:00,1,OTHER_ANOMALY,Weak / one-off detection: thin history (1 detections),,7.86,0,1.0,6.43,6.43,1.0,1.0,True,,339.49,305.56,33.93000000000001,0,0,0,0,0,,
415,19.09782,82.1674,2026-09-05 08:18:00,2,NEW_ABNORMAL_EVENT,"Known thermal cell but FRP is anomalous (z=8.5, above historical peak) — escalation watch.",,6.04,0,10.0,1.6350000000000002,2.41,5.0,0.085,True,8.547983480886382,334.75,295.4,39.35000000000002,0,1,1,0,0,49.6,
931,15.18494,76.67477,2026-09-06 20:29:00,0,PERSISTENT_SOURCE,"Recurring cell: 31 historical detections across 16 active days (28% of the observed span), FRP in line with its own history.",,1.32,0,31.0,2.076129032258065,5.17,16.0,0.276,True,-0.7507067971586175,303.39,278.76,24.629999999999995,1,0,0,0,0,,
231,8.566,80.589,2026-09-05 08:13:00,1,OTHER_ANOMALY,"Weak / one-off detection: thin history (1 detections), low FIRMS confidence",,5.11,1,1.0,4.19,4.19,1.0,1.0,True,,332.44,303.65,28.79000000000002,0,0,0,0,0,,
427,21.74681,83.84541,2026-09-05 08:18:00,2,NEW_ABNORMAL_EVENT,"Known thermal cell but FRP is anomalous (z=6.1, above historical peak) — escalation watch.",,13.65,0,6.0,3.62,6.71,5.0,0.135,True,6.104606268872803,343.02,293.86,49.15999999999997,0,0,0,0,0,,
490,15.18408,76.66525,2026-09-05 20:46:00,0,PERSISTENT_SOURCE,"Recurring cell: 31 historical detections across 16 active days (28% of the observed span), FRP in line with its own history.",,1.48,0,31.0,2.076129032258065,5.17,16.0,0.276,True,-0.5918541643127668,309.32,291.73,17.589999999999975,1,0,0,0,0,,
230,8.56501,80.8385,2026-09-05 08:13:00,1,OTHER_ANOMALY,Weak / one-off detection: no baseline,,4.76,0,0.0,0.0,0.0,0.0,0.0,False,,334.37,303.22,31.149999999999977,0,0,0,0,0,,
536,20.97332,86.00273,2026-09-05 20:46:00,2,NEW_ABNORMAL_EVENT,Known thermal cell but FRP is anomalous (z=6.2) — escalation watch.,,5.04,0,9.0,1.3544444444444443,2.6,5.0,0.102,True,6.203173104215586,307.13,288.82,18.31,1,0,0,0,0,,
930,15.18263,76.66628,2026-09-06 20:29:00,0,PERSISTENT_SOURCE,"Recurring cell: 31 historical detections across 16 active days (28% of the observed span), FRP in line with its own history.",,4.01,0,31.0,2.076129032258065,5.17,16.0,0.276,True,1.920003092562249,328.99,278.67,50.31999999999999,1,0,0,0,0,,
244,8.62896,80.51635,2026-09-05 08:13:00,1,OTHER_ANOMALY,Weak / one-off detection: no baseline,,4.29,0,0.0,0.0,0.0,0.0,0.0,False,,337.33,301.47,35.85999999999996,0,0,0,0,0,,
595,23.69439,85.372,2026-09-05 20:46:00,2,NEW_ABNORMAL_EVENT,"Known thermal cell but FRP is anomalous (z=7.0, above historical peak) — escalation watch.",,3.4,0,6.0,1.1166666666666667,1.49,4.0,0.174,True,7.040264414325599,308.29,279.18,29.110000000000014,1,0,0,0,0,,
489,15.18342,76.66917,2026-09-05 20:46:00,0,PERSISTENT_SOURCE,"Recurring cell: 31 historical detections across 16 active days (28% of the observed span), FRP in line with its own history.",,1.48,0,31.0,2.076129032258065,5.17,16.0,0.276,True,-0.5918541643127668,318.33,292.33,26.0,1,0,0,0,0,,
236,8.59053,80.52262,2026-09-05 08:13:00,1,OTHER_ANOMALY,Weak / one-off detection: no baseline,,3.17,0,0.0,0.0,0.0,0.0,0.0,False,,336.86,298.77,38.09000000000003,0,0,0,0,0,,
773,15.18268,76.66901,2026-09-06 07:58:00,2,NEW_ABNORMAL_EVENT,Known thermal cell but FRP is anomalous (z=2.4) — escalation watch.,,4.48,0,31.0,2.076129032258065,5.17,16.0,0.276,True,2.3866327015469366,335.64,301.2,34.44,0,0,0,0,0,,
928,15.17796,76.6737,2026-09-06 20:29:00,0,PERSISTENT_SOURCE,"Recurring cell: 31 historical detections across 16 active days (28% of the observed span), FRP in line with its own history.",,1.44,0,31.0,2.076129032258065,5.17,16.0,0.276,True,-0.6315673225242295,304.5,279.15,25.350000000000023,1,0,0,0,0,,
1007,8.33792,80.27499,2026-09-07 07:35:00,1,OTHER_ANOMALY,Weak / one-off detection: no baseline,,3.14,0,0.0,0.0,0.0,0.0,0.0,False,,331.57,291.07,40.5,0,0,0,0,0,,
596,23.6945,85.37199,2026-09-05 20:46:00,2,NEW_ABNORMAL_EVENT,"Known thermal cell but FRP is anomalous (z=8.8, above historical peak) — escalation watch.",,3.98,0,6.0,1.1166666666666667,1.49,4.0,0.174,True,8.828594353146993,309.93,281.38,28.55000000000001,1,0,0,0,0,,
929,15.18145,76.67422,2026-09-06 20:29:00,0,PERSISTENT_SOURCE,"Recurring cell: 31 historical detections across 16 active days (28% of the observed span), FRP in line with its own history.",,1.32,0,31.0,2.076129032258065,5.17,16.0,0.276,True,-0.7507067971586175,307.58,279.24,28.33999999999997,1,0,0,0,0,,
1006,8.33283,80.27589,2026-09-07 07:35:00,1,OTHER_ANOMALY,Weak / one-off detection: no baseline,,3.14,0,0.0,0.0,0.0,0.0,0.0,False,,341.44,292.58,48.860000000000014,0,0,0,0,0,,
827,20.75904,85.29414,2026-09-06 20:27:00,2,NEW_ABNORMAL_EVENT,Known thermal cell but FRP is anomalous (z=4.3) — escalation watch.,,5.01,0,5.0,2.12,2.83,3.0,0.088,True,4.270599167656871,310.14,290.58,19.56,1,0,0,0,0,,
1090,23.67601,86.39903,2026-09-07 07:39:00,0,PERSISTENT_SOURCE,"Recurring cell: 34 historical detections across 11 active days (27% of the observed span), FRP in line with its own history.",,4.45,0,34.0,2.769117647058824,9.1,11.0,0.268,True,0.7497239196524984,332.82,298.25,34.56999999999999,0,0,0,0,0,,
915,14.5861,78.58088,2026-09-06 20:29:00,1,OTHER_ANOMALY,"Weak / one-off detection: low FRP (0.5), no baseline",,0.52,0,0.0,0.0,0.0,0.0,0.0,False,,298.19,276.76,21.430000000000007,1,0,0,0,0,,
818,19.09906,82.16767,2026-09-06 20:27:00,2,NEW_ABNORMAL_EVENT,Known thermal cell but FRP is anomalous (z=4.3) — escalation watch.,,3.86,0,10.0,1.6350000000000002,2.41,5.0,0.085,True,4.317653404079954,326.96,290.99,35.96999999999997,1,1,1,0,0,49.6,
1091,23.67936,86.39845,2026-09-07 07:39:00,0,PERSISTENT_SOURCE,"Recurring cell: 34 historical detections across 11 active days (27% of the observed span), FRP in line with its own history.",,4.45,0,34.0,2.769117647058824,9.1,11.0,0.268,True,0.7497239196524984,332.32,297.7,34.620000000000005,0,0,0,0,0,,
914,14.36213,78.77739,2026-09-06 20:29:00,1,OTHER_ANOMALY,Weak / one-off detection: no baseline,,2.88,0,0.0,0.0,0.0,0.0,0.0,False,,316.75,289.62,27.129999999999995,1,0,0,0,0,,
1084,22.3571,82.30258,2026-09-07 07:39:00,2,NEW_ABNORMAL_EVENT,Known thermal cell but FRP is anomalous (z=4.6) — escalation watch.,,10.02,1,19.0,2.906842105263158,7.52,6.0,0.14,True,4.649983082684812,336.1,298.18,37.920000000000016,0,0,0,0,0,,
589,23.67832,86.39969,2026-09-05 20:46:00,0,PERSISTENT_SOURCE,"Recurring cell: 34 historical detections across 11 active days (27% of the observed span), FRP in line with its own history.",,3.47,0,34.0,2.769117647058824,9.1,11.0,0.268,True,0.3126145407754861,311.12,288.74,22.379999999999995,1,0,0,0,0,,
913,14.36157,78.78092,2026-09-06 20:29:00,1,OTHER_ANOMALY,Weak / one-off detection: no baseline,,2.88,0,0.0,0.0,0.0,0.0,0.0,False,,312.71,290.24,22.46999999999997,1,0,0,0,0,,
784,22.35737,82.30364,2026-09-06 08:01:00,2,NEW_ABNORMAL_EVENT,Known thermal cell but FRP is anomalous (z=2.7) — escalation watch.,,7.02,0,19.0,2.906842105263158,7.52,6.0,0.14,True,2.688835944593548,340.16,298.83,41.33000000000004,0,0,0,0,0,,
590,23.67911,86.39612,2026-09-05 20:46:00,0,PERSISTENT_SOURCE,"Recurring cell: 34 historical detections across 11 active days (27% of the observed span), FRP in line with its own history.",,1.9,0,34.0,2.769117647058824,9.1,11.0,0.268,True,-0.3876525253846254,308.56,288.37,20.19,1,0,0,0,0,,
912,13.39294,80.0768,2026-09-06 20:29:00,1,OTHER_ANOMALY,"Weak / one-off detection: low FRP (0.6), thin history (1 detections)",,0.57,0,1.0,3.43,3.43,1.0,1.0,True,,307.2,281.93,25.269999999999985,1,0,0,0,0,,
391,15.17266,76.66496,2026-09-05 08:16:00,2,NEW_ABNORMAL_EVENT,Known thermal cell but FRP is anomalous (z=3.1) — escalation watch.,,5.73,1,8.0,1.7925,4.86,6.0,0.107,True,3.0948000303941727,335.32,305.84,29.480000000000015,0,0,0,0,0,,
488,15.18062,76.66463,2026-09-05 20:46:00,0,PERSISTENT_SOURCE,"Recurring cell: 29 historical detections across 16 active days (28% of the observed span), FRP in line with its own history.",,1.48,0,29.0,2.530689655172414,8.44,16.0,0.276,True,-0.6277983285647595,307.28,292.43,14.849999999999966,1,0,0,0,0,,
909,24.20604,82.70895,2026-09-06 20:27:00,1,OTHER_ANOMALY,"Weak / one-off detection: low FRP (0.7), thin history (2 detections)",,0.69,0,2.0,1.905,2.57,2.0,0.154,True,-1.29193193855888,300.98,277.44,23.54000000000002,1,0,0,0,0,,
390,15.16875,76.38062,2026-09-05 08:16:00,2,NEW_ABNORMAL_EVENT,Known thermal cell but FRP is anomalous (z=2.5) — escalation watch.,,5.59,1,10.0,1.606,5.97,7.0,0.438,True,2.5215279657193648,330.07,304.76,25.31,0,1,1,0,0,252.1,
485,15.17849,76.65616,2026-09-05 20:46:00,0,PERSISTENT_SOURCE,"Recurring cell: 29 historical detections across 16 active days (28% of the observed span), FRP in line with its own history.",,1.51,0,29.0,2.530689655172414,8.44,16.0,0.276,True,-0.6098730070730843,318.32,293.73,24.58999999999997,1,0,0,0,0,,
918,15.06937,76.86656,2026-09-06 20:29:00,1,OTHER_ANOMALY,"Weak / one-off detection: low FRP (0.3), thin history (3 detections)",,0.28,0,3.0,1.5633333333333337,1.61,3.0,0.333,True,-28.460018931751048,295.47,270.81,24.660000000000025,1,1,1,0,0,233.7,
437,23.78617,85.55293,2026-09-05 08:18:00,2,NEW_ABNORMAL_EVENT,Known thermal cell but FRP is anomalous (z=2.3) — escalation watch.,,4.76,0,12.0,1.7916666666666667,5.5,10.0,0.256,True,2.3205581948192533,333.73,292.06,41.670000000000016,0,0,0,0,0,,
484,15.17783,76.66007,2026-09-05 20:46:00,0,PERSISTENT_SOURCE,"Recurring cell: 29 historical detections across 16 active days (28% of the observed span), FRP in line with its own history.",,1.51,0,29.0,2.530689655172414,8.44,16.0,0.276,True,-0.6098730070730843,308.24,292.41,15.829999999999984,1,0,0,0,0,,
932,15.1873,76.65886,2026-09-06 20:29:00,1,OTHER_ANOMALY,"Weak / one-off detection: low FRP (1.0), thin history (2 detections)",,0.98,0,2.0,2.32,2.82,2.0,0.083,True,-1.8950461735799475,303.92,278.34,25.58000000000004,1,0,0,0,0,,
786,22.78975,86.19833,2026-09-06 08:01:00,2,NEW_ABNORMAL_EVENT,Known thermal cell but FRP is anomalous (z=2.4) — escalation watch.,,4.84,0,13.0,1.75,3.88,8.0,0.195,True,2.3640306676047667,330.22,295.19,35.03000000000003,0,0,0,0,0,,
393,15.17818,76.65657,2026-09-05 08:16:00,0,PERSISTENT_SOURCE,"Recurring cell: 29 historical detections across 16 active days (28% of the observed span), FRP in line with its own history.",,3.25,1,29.0,2.530689655172414,8.44,16.0,0.276,True,0.4297956394440722,333.69,301.98,31.70999999999998,0,0,0,0,0,,
940,17.5851,80.31999,2026-09-06 20:29:00,1,OTHER_ANOMALY,"Weak / one-off detection: low FRP (0.8), no baseline",,0.85,0,0.0,0.0,0.0,0.0,0.0,False,,305.01,289.16,15.849999999999966,1,0,0,0,0,,
1054,19.10229,82.16896,2026-09-07 07:39:00,2,NEW_ABNORMAL_EVENT,"Known thermal cell but FRP is anomalous (z=11.6, above historical peak) — escalation watch.",,7.63,1,10.0,1.6350000000000002,2.41,5.0,0.085,True,11.633407711217677,330.22,298.74,31.480000000000015,0,1,1,0,0,49.6,
925,15.17682,76.65726,2026-09-06 20:29:00,0,PERSISTENT_SOURCE,"Recurring cell: 29 historical detections across 16 active days (28% of the observed span), FRP in line with its own history.",,1.6,0,29.0,2.530689655172414,8.44,16.0,0.276,True,-0.5560970425980589,311.46,279.46,32.0,1,0,0,0,0,,
892,21.98676,83.2336,2026-09-06 20:27:00,1,OTHER_ANOMALY,"Weak / one-off detection: low FRP (1.3), thin history (1 detections)",,1.27,0,1.0,1.58,1.58,1.0,1.0,True,,307.64,289.2,18.44,1,0,0,0,0,,
1069,20.97015,86.00223,2026-09-07 07:39:00,2,NEW_ABNORMAL_EVENT,"Known thermal cell but FRP is anomalous (z=6.7, above historical peak) — escalation watch.",,5.31,0,9.0,1.3544444444444443,2.6,5.0,0.102,True,6.657611170035419,336.57,300.55,36.01999999999998,0,0,0,0,0,,
481,15.17504,76.65553,2026-09-05 20:46:00,0,PERSISTENT_SOURCE,"Recurring cell: 29 historical detections across 16 active days (28% of the observed span), FRP in line with its own history.",,1.51,0,29.0,2.530689655172414,8.44,16.0,0.276,True,-0.6098730070730843,312.27,293.05,19.21999999999997,1,0,0,0,0,,
938,16.54707,79.75684,2026-09-06 20:29:00,1,OTHER_ANOMALY,"Weak / one-off detection: low FRP (1.3), no baseline",,1.27,0,0.0,0.0,0.0,0.0,0.0,False,,305.42,290.32,15.100000000000025,1,0,0,0,0,,
1055,20.76041,85.29862,2026-09-07 07:39:00,2,NEW_ABNORMAL_EVENT,"Known thermal cell but FRP is anomalous (z=6.4, above historical peak) — escalation watch.",,6.35,0,6.0,1.5516666666666667,2.27,4.0,0.114,True,6.405088495370253,335.93,300.8,35.129999999999995,0,0,0,0,0,,
772,15.17639,76.65804,2026-09-06 07:58:00,0,PERSISTENT_SOURCE,"Recurring cell: 29 historical detections across 16 active days (28% of the observed span), FRP in line with its own history.",,4.81,1,29.0,2.530689655172414,8.44,16.0,0.276,True,1.3619123570111775,330.31,301.52,28.79000000000002,0,0,0,0,0,,
936,15.33737,76.24843,2026-09-06 20:29:00,1,OTHER_ANOMALY,"Weak / one-off detection: low FRP (1.2), thin history (2 detections)",,1.18,0,2.0,0.61,0.61,1.0,1.0,True,,303.54,283.42,20.120000000000005,1,0,0,0,0,,
1092,23.6855,86.39344,2026-09-07 07:39:00,2,NEW_ABNORMAL_EVENT,Known thermal cell but FRP is anomalous (z=3.7) — escalation watch.,,8.43,0,10.0,2.427,5.68,8.0,0.229,True,3.6838305281169568,345.21,298.93,46.27999999999997,0,0,0,0,0,,
426,21.74623,83.83998,2026-09-05 08:18:00,0,PERSISTENT_SOURCE,"Recurring cell: 27 historical detections across 8 active days (22% of the observed span), FRP in line with its own history.",,5.4,0,27.0,4.3566666666666665,13.51,8.0,0.216,True,0.3356567956332224,341.98,294.07,47.910000000000025,0,0,0,0,0,,
934,15.2266,76.76109,2026-09-06 20:29:00,1,OTHER_ANOMALY,"Weak / one-off detection: low FRP (0.4), thin history (4 detections)",,0.37,0,4.0,1.1,1.96,4.0,0.333,True,-1.2730836942076595,299.69,272.66,27.029999999999973,1,0,0,0,0,,
1073,20.97693,85.17239,2026-09-07 07:39:00,2,NEW_ABNORMAL_EVENT,Known thermal cell but FRP is anomalous (z=2.7) — escalation watch.,,3.85,0,7.0,1.6614285714285713,3.04,4.0,0.222,True,2.734331194137069,330.76,297.63,33.129999999999995,0,0,0,0,0,,
867,21.74586,83.841,2026-09-06 20:27:00,0,PERSISTENT_SOURCE,"Recurring cell: 27 historical detections across 8 active days (22% of the observed span), FRP in line with its own history.",,4.04,0,27.0,4.3566666666666665,13.51,8.0,0.216,True,-0.1018766632113613,334.78,291.92,42.85999999999996,1,0,0,0,0,,
933,15.22602,76.76505,2026-09-06 20:29:00,1,OTHER_ANOMALY,"Weak / one-off detection: low FRP (0.4), thin history (1 detections)",,0.37,0,1.0,0.8,0.8,1.0,1.0,True,,295.28,270.75,24.529999999999973,1,0,0,0,0,,
1078,21.74949,83.84281,2026-09-07 07:39:00,2,NEW_ABNORMAL_EVENT,Known thermal cell but FRP is anomalous (z=2.3) — escalation watch.,,11.39,1,27.0,4.3566666666666665,13.51,8.0,0.216,True,2.262734309220764,341.41,300.15,41.26000000000005,0,0,0,0,0,,
869,21.74941,83.84174,2026-09-06 20:27:00,0,PERSISTENT_SOURCE,"Recurring cell: 27 historical detections across 8 active days (22% of the observed span), FRP in line with its own history.",,4.14,0,27.0,4.3566666666666665,13.51,8.0,0.216,True,-0.069705085355142,341.16,292.89,48.27000000000004,1,0,0,0,0,,
882,21.79301,80.01822,2026-09-06 20:27:00,1,OTHER_ANOMALY,"Weak / one-off detection: low FRP (0.7), no baseline",,0.72,0,0.0,0.0,0.0,0.0,0.0,False,,311.19,291.05,20.139999999999983,1,0,0,0,0,,
1077,21.74611,83.84345,2026-09-07 07:39:00,2,NEW_ABNORMAL_EVENT,Known thermal cell but FRP is anomalous (z=2.7) — escalation watch.,,12.68,1,27.0,4.3566666666666665,13.51,8.0,0.216,True,2.677747663565994,340.17,300.69,39.48000000000002,0,0,0,0,0,,
870,21.75296,83.84248,2026-09-06 20:27:00,0,PERSISTENT_SOURCE,"Recurring cell: 27 historical detections across 8 active days (22% of the observed span), FRP in line with its own history.",,4.14,0,27.0,4.3566666666666665,13.51,8.0,0.216,True,-0.069705085355142,320.33,291.63,28.69999999999999,1,0,0,0,0,,
881,21.7897,80.01763,2026-09-06 20:27:00,1,OTHER_ANOMALY,"Weak / one-off detection: low FRP (0.7), no baseline",,0.72,0,0.0,0.0,0.0,0.0,0.0,False,,308.71,291.13,17.579999999999984,1,0,0,0,0,,
1061,20.86444,84.99381,2026-09-07 07:39:00,2,NEW_ABNORMAL_EVENT,Known thermal cell but FRP is anomalous (z=4.6) — escalation watch.,,8.19,0,13.0,2.730769230769231,5.16,8.0,0.216,True,4.598902722881533,340.65,299.45,41.19999999999999,0,0,0,0,0,,
632,21.10517,72.6481,2026-09-05 20:49:00,0,PERSISTENT_SOURCE,"Recurring cell: 25 historical detections across 18 active days (30% of the observed span), FRP in line with its own history.",,6.41,0,25.0,6.1408000000000005,42.02,18.0,0.305,True,0.0319064640697477,316.64,294.04,22.59999999999997,1,0,0,0,0,,
877,21.76119,83.85125,2026-09-06 20:27:00,1,OTHER_ANOMALY,Weak / one-off detection: thin history (2 detections),,2.26,0,2.0,2.905,2.94,1.0,1.0,True,-13.030967824723518,314.94,291.53,23.410000000000025,1,1,1,1,0,988.0,741.3
729,8.51461,80.60179,2026-09-06 07:56:00,2,NEW_ABNORMAL_EVENT,No historical thermal baseline for this cell and FRP is high (13.4).,,13.37,0,0.0,0.0,0.0,0.0,0.0,False,,354.81,301.69,53.120000000000005,0,0,0,0,0,,
424,21.10671,72.64536,2026-09-05 08:18:00,0,PERSISTENT_SOURCE,"Recurring cell: 25 historical detections across 18 active days (30% of the observed span), FRP in line with its own history.",,7.04,0,25.0,6.1408000000000005,42.02,18.0,0.305,True,0.1065761236683403,336.44,281.68,54.75999999999999,0,0,0,0,0,,
243,8.62532,81.01054,2026-09-05 08:13:00,1,OTHER_ANOMALY,Weak / one-off detection: thin history (1 detections),,5.17,0,1.0,5.65,5.65,1.0,1.0,True,,338.0,302.51,35.49000000000001,0,0,0,0,0,,
726,8.50974,80.18266,2026-09-06 07:56:00,2,NEW_ABNORMAL_EVENT,No historical thermal baseline for this cell and FRP is high (24.0).,,23.97,1,0.0,0.0,0.0,0.0,0.0,False,,335.74,294.4,41.34000000000003,0,1,0,0,0,,
782,21.10245,72.63563,2026-09-06 08:01:00,0,PERSISTENT_SOURCE,"Recurring cell: 23 historical detections across 15 active days (37% of the observed span), FRP in line with its own history.",,7.51,0,23.0,4.44391304347826,11.1,15.0,0.366,True,0.8571377681516832,335.21,291.91,43.29999999999996,0,0,0,0,0,,
891,21.9833,83.23293,2026-09-06 20:27:00,1,OTHER_ANOMALY,Weak / one-off detection: thin history (2 detections),,2.01,0,2.0,1.085,1.54,1.0,1.0,True,1.4375247749396842,312.42,290.12,22.30000000000001,1,0,0,0,0,,
734,8.5646,80.74776,2026-09-06 07:56:00,2,NEW_ABNORMAL_EVENT,No historical thermal baseline for this cell and FRP is high (40.7).,,40.67,1,0.0,0.0,0.0,0.0,0.0,False,,343.58,300.17,43.40999999999997,0,1,0,0,1,,
630,21.1028,72.63883,2026-09-05 20:49:00,0,PERSISTENT_SOURCE,"Recurring cell: 23 historical detections across 15 active days (37% of the observed span), FRP in line with its own history.",,4.18,0,23.0,4.44391304347826,11.1,15.0,0.366,True,-0.0737780240028461,305.88,292.33,13.550000000000011,1,0,0,0,0,,
888,21.87917,83.55689,2026-09-06 20:27:00,1,OTHER_ANOMALY,"Weak / one-off detection: low FRP (1.4), thin history (2 detections)",,1.35,0,2.0,2.035,2.21,2.0,0.053,True,-2.767817972073058,309.65,290.99,18.659999999999968,1,0,0,0,0,,
735,8.60105,80.55779,2026-09-06 07:56:00,2,NEW_ABNORMAL_EVENT,No historical thermal baseline for this cell and FRP is high (17.5).,,17.5,1,0.0,0.0,0.0,0.0,0.0,False,,345.36,299.55,45.81,0,0,0,0,0,,
599,23.70973,86.44808,2026-09-05 20:46:00,0,PERSISTENT_SOURCE,"Recurring cell: 24 historical detections across 10 active days (29% of the observed span), FRP in line with its own history.",,2.15,0,24.0,2.7245833333333334,8.89,10.0,0.294,True,-0.2244795326286569,315.23,285.54,29.69,1,0,0,0,0,,
887,21.87546,83.49538,2026-09-06 20:27:00,1,OTHER_ANOMALY,Weak / one-off detection: no baseline,,2.58,0,0.0,0.0,0.0,0.0,0.0,False,,314.31,291.01,23.30000000000001,1,0,0,0,0,,
736,8.61943,80.69527,2026-09-06 07:56:00,2,NEW_ABNORMAL_EVENT,No historical thermal baseline for this cell and FRP is high (7.7).,,7.65,1,0.0,0.0,0.0,0.0,0.0,False,,333.64,299.75,33.889999999999986,0,0,0,0,0,,
1093,23.71457,86.45176,2026-09-07 07:39:00,0,PERSISTENT_SOURCE,"Recurring cell: 24 historical detections across 10 active days (29% of the observed span), FRP in line with its own history.",,5.65,0,24.0,2.7245833333333334,8.89,10.0,0.294,True,1.1429084833834666,333.91,296.78,37.13000000000005,0,0,0,0,0,,
939,17.46283,80.65475,2026-09-06 20:29:00,1,OTHER_ANOMALY,"Weak / one-off detection: low FRP (0.9), thin history (4 detections)",,0.92,0,4.0,2.03,2.91,3.0,0.167,True,-1.310637695293476,307.66,279.96,27.700000000000045,1,0,0,0,0,,
401,15.82935,79.52122,2026-09-05 08:16:00,2,NEW_ABNORMAL_EVENT,No historical thermal baseline for this cell and FRP is high (9.8).,,9.8,0,0.0,0.0,0.0,0.0,0.0,False,,340.2,305.37,34.829999999999984,0,0,0,0,0,,
433,23.71049,86.45036,2026-09-05 08:18:00,0,PERSISTENT_SOURCE,"Recurring cell: 24 historical detections across 10 active days (29% of the observed span), FRP in line with its own history.",,5.0,0,24.0,2.7245833333333334,8.89,10.0,0.294,True,0.8889649946955007,328.02,290.43,37.589999999999975,0,0,0,0,0,,
324,9.22275,80.66697,2026-09-05 08:13:00,1,OTHER_ANOMALY,Weak / one-off detection: no baseline,,3.32,0,0.0,0.0,0.0,0.0,0.0,False,,336.31,302.88,33.43000000000001,0,0,0,0,0,,
998,8.06883,80.6097,2026-09-07 07:35:00,2,NEW_ABNORMAL_EVENT,No historical thermal baseline for this cell and FRP is high (9.0).,,8.99,0,0.0,0.0,0.0,0.0,0.0,False,,343.14,295.07,48.06999999999999,0,0,0,0,0,,
600,23.71498,86.44942,2026-09-05 20:46:00,0,PERSISTENT_SOURCE,"Recurring cell: 24 historical detections across 10 active days (29% of the observed span), FRP in line with its own history.",,2.22,0,24.0,2.7245833333333334,8.89,10.0,0.294,True,-0.1971317723084144,307.91,284.92,22.99000000000001,1,0,0,0,0,,
323,9.21617,80.32276,2026-09-05 08:13:00,1,OTHER_ANOMALY,Weak / one-off detection: no baseline,,2.46,0,0.0,0.0,0.0,0.0,0.0,False,,331.28,300.66,30.619999999999948,0,0,0,0,0,,
1001,8.13301,80.09626,2026-09-07 07:35:00,2,NEW_ABNORMAL_EVENT,No historical thermal baseline for this cell and FRP is high (6.3).,,6.31,0,0.0,0.0,0.0,0.0,0.0,False,,331.97,291.48,40.49000000000001,0,0,0,0,0,,
1101,23.80467,86.32935,2026-09-07 07:39:00,0,PERSISTENT_SOURCE,"Recurring cell: 22 historical detections across 14 active days (33% of the observed span), FRP in line with its own history.",,4.15,0,22.0,2.9740909090909096,6.95,14.0,0.333,True,0.6274541181862873,343.5,297.8,45.69999999999999,0,0,0,0,0,,
321,9.07612,80.40704,2026-09-05 08:13:00,1,OTHER_ANOMALY,Weak / one-off detection: no baseline,,2.15,0,0.0,0.0,0.0,0.0,0.0,False,,336.87,302.41,34.45999999999998,0,0,0,0,0,,
199,8.46393,80.79059,2026-09-05 08:13:00,2,NEW_ABNORMAL_EVENT,No historical thermal baseline for this cell and FRP is high (6.6).,,6.6,0,0.0,0.0,0.0,0.0,0.0,False,,335.48,303.0,32.48000000000002,0,0,0,0,0,,
1100,23.80133,86.32993,2026-09-07 07:39:00,0,PERSISTENT_SOURCE,"Recurring cell: 22 historical detections across 14 active days (33% of the observed span), FRP in line with its own history.",,4.15,0,22.0,2.9740909090909096,6.95,14.0,0.333,True,0.6274541181862873,335.05,297.07,37.98000000000002,0,0,0,0,0,,
320,9.04103,80.44921,2026-09-05 08:13:00,1,OTHER_ANOMALY,"Weak / one-off detection: thin history (1 detections), low FIRMS confidence",,5.52,1,1.0,19.68,19.68,1.0,1.0,True,,332.04,305.66,26.379999999999995,0,0,0,0,0,,
1074,21.236,94.84895,2026-09-07 07:39:00,2,NEW_ABNORMAL_EVENT,No historical thermal baseline for this cell and FRP is high (12.4).,,12.41,2,0.0,0.0,0.0,0.0,0.0,False,,367.0,291.95,75.05000000000001,0,0,0,0,0,,
525,20.9654,85.16793,2026-09-05 20:46:00,0,PERSISTENT_SOURCE,"Recurring cell: 23 historical detections across 8 active days (21% of the observed span), FRP in line with its own history.",,2.04,0,23.0,2.6769565217391302,8.43,8.0,0.211,True,-0.322804424494159,305.85,286.58,19.27000000000004,1,0,0,0,0,,
319,9.00062,80.81387,2026-09-05 08:13:00,1,OTHER_ANOMALY,Weak / one-off detection: no baseline,,5.24,0,0.0,0.0,0.0,0.0,0.0,False,,350.01,302.17,47.839999999999975,0,0,0,0,0,,
1025,8.9743,80.81862,2026-09-07 07:37:00,2,NEW_ABNORMAL_EVENT,No historical thermal baseline for this cell and FRP is high (8.3).,,8.32,0,0.0,0.0,0.0,0.0,0.0,False,,332.21,291.7,40.50999999999999,0,0,0,0,0,,
533,20.96983,85.17253,2026-09-05 20:46:00,0,PERSISTENT_SOURCE,"Recurring cell: 23 historical detections across 8 active days (21% of the observed span), FRP in line with its own history.",,2.04,0,23.0,2.6769565217391302,8.43,8.0,0.211,True,-0.322804424494159,335.81,288.32,47.49000000000001,1,0,0,0,0,,
317,8.96636,80.88741,2026-09-05 08:13:00,1,OTHER_ANOMALY,Weak / one-off detection: no baseline,,4.81,0,0.0,0.0,0.0,0.0,0.0,False,,340.97,301.33,39.64000000000004,0,0,0,0,0,,
154,8.09138,79.92904,2026-09-05 08:13:00,2,NEW_ABNORMAL_EVENT,No historical thermal baseline for this cell and FRP is high (14.3).,,14.3,0,0.0,0.0,0.0,0.0,0.0,False,,344.56,301.53,43.03000000000003,0,0,0,0,0,,
421,20.96937,85.17357,2026-09-05 08:18:00,0,PERSISTENT_SOURCE,"Recurring cell: 23 historical detections across 8 active days (21% of the observed span), FRP in line with its own history.",,4.26,0,23.0,2.6769565217391302,8.43,8.0,0.211,True,0.8022736584185894,345.88,295.24,50.63999999999999,0,0,0,0,0,,
268,8.69343,81.02293,2026-09-05 08:13:00,1,OTHER_ANOMALY,Weak / one-off detection: thin history (1 detections),,8.56,0,1.0,4.45,4.45,1.0,1.0,True,,353.24,302.62,50.620000000000005,0,0,0,0,0,,
152,8.08633,81.36668,2026-09-05 08:13:00,2,NEW_ABNORMAL_EVENT,No historical thermal baseline for this cell and FRP is high (5.8).,,5.79,0,0.0,0.0,0.0,0.0,0.0,False,,336.74,299.72,37.01999999999998,0,0,0,0,0,,
537,20.97495,85.17385,2026-09-05 20:46:00,0,PERSISTENT_SOURCE,"Recurring cell: 23 historical detections across 8 active days (21% of the observed span), FRP in line with its own history.",,1.44,0,23.0,2.6769565217391302,8.43,8.0,0.211,True,-0.6268795820381452,310.9,287.89,23.00999999999999,1,0,0,0,0,,
267,8.69288,81.01921,2026-09-05 08:13:00,1,OTHER_ANOMALY,Weak / one-off detection: thin history (1 detections),,6.12,0,1.0,4.45,4.45,1.0,1.0,True,,343.85,303.52,40.33000000000004,0,0,0,0,0,,
400,15.60291,79.61507,2026-09-05 08:16:00,2,NEW_ABNORMAL_EVENT,No historical thermal baseline for this cell and FRP is high (6.1).,,6.08,0,0.0,0.0,0.0,0.0,0.0,False,,338.85,302.66,36.19,0,0,0,0,0,,
1070,20.9703,85.17357,2026-09-07 07:39:00,0,PERSISTENT_SOURCE,"Recurring cell: 23 historical detections across 8 active days (21% of the observed span), FRP in line with its own history.",,5.21,0,23.0,2.6769565217391302,8.43,8.0,0.211,True,1.2837259911965675,342.39,298.79,43.599999999999966,0,0,0,0,0,,
263,8.67725,80.70167,2026-09-05 08:13:00,1,OTHER_ANOMALY,Weak / one-off detection: no baseline,,3.66,0,0.0,0.0,0.0,0.0,0.0,False,,330.89,298.98,31.909999999999968,0,0,0,0,0,,
200,8.46437,81.0993,2026-09-05 08:13:00,2,NEW_ABNORMAL_EVENT,No historical thermal baseline for this cell and FRP is high (7.3).,,7.32,0,0.0,0.0,0.0,0.0,0.0,False,,345.65,303.22,42.42999999999995,0,0,0,0,0,,
423,20.97448,85.17305,2026-09-05 08:18:00,0,PERSISTENT_SOURCE,"Recurring cell: 23 historical detections across 8 active days (21% of the observed span), FRP in line with its own history.",,3.48,0,23.0,2.6769565217391302,8.43,8.0,0.211,True,0.4069759536114076,333.03,294.32,38.70999999999998,0,0,0,0,0,,
276,8.72964,80.96056,2026-09-05 08:13:00,1,OTHER_ANOMALY,Weak / one-off detection: no baseline,,3.93,0,0.0,0.0,0.0,0.0,0.0,False,,332.41,298.84,33.57000000000005,0,0,0,0,0,,
1013,8.46254,81.11243,2026-09-07 07:35:00,2,NEW_ABNORMAL_EVENT,No historical thermal baseline for this cell and FRP is high (6.7).,,6.74,0,0.0,0.0,0.0,0.0,0.0,False,,339.88,293.17,46.70999999999998,0,0,0,0,0,,
1094,23.73581,86.43229,2026-09-07 07:39:00,0,PERSISTENT_SOURCE,"Recurring cell: 21 historical detections across 13 active days (32% of the observed span), FRP in line with its own history.",,3.06,0,21.0,2.818095238095238,6.64,13.0,0.325,True,0.1646744131931053,331.95,297.04,34.90999999999997,0,0,0,0,0,,
275,8.70406,80.85869,2026-09-05 08:13:00,1,OTHER_ANOMALY,Weak / one-off detection: thin history (1 detections),,6.71,0,1.0,7.89,7.89,1.0,1.0,True,,337.27,302.59,34.68000000000001,0,0,0,0,0,,
188,8.42556,80.46367,2026-09-05 08:13:00,2,NEW_ABNORMAL_EVENT,No historical thermal baseline for this cell and FRP is high (7.4).,,7.39,0,0.0,0.0,0.0,0.0,0.0,False,,334.67,299.03,35.64000000000004,0,0,0,0,0,,
601,23.73551,86.43227,2026-09-05 20:46:00,0,PERSISTENT_SOURCE,"Recurring cell: 21 historical detections across 13 active days (32% of the observed span), FRP in line with its own history.",,1.68,0,21.0,2.818095238095238,6.64,13.0,0.325,True,-0.7747477313612637,309.67,276.83,32.84000000000003,1,0,0,0,0,,
252,8.63503,81.0053,2026-09-05 08:13:00,1,OTHER_ANOMALY,Weak / one-off detection: thin history (1 detections),,4.32,0,1.0,5.52,5.52,1.0,1.0,True,,342.41,302.69,39.72000000000003,0,0,0,0,0,,
226,8.54917,80.75482,2026-09-05 08:13:00,2,NEW_ABNORMAL_EVENT,No historical thermal baseline for this cell and FRP is high (11.0).,,10.97,0,0.0,0.0,0.0,0.0,0.0,False,,349.24,306.18,43.06,0,0,0,0,0,,
602,23.74075,86.43363,2026-09-05 20:46:00,0,PERSISTENT_SOURCE,"Recurring cell: 21 historical detections across 13 active days (32% of the observed span), FRP in line with its own history.",,1.41,0,21.0,2.818095238095238,6.64,13.0,0.325,True,-0.9585477161653796,304.09,278.08,26.00999999999999,1,0,0,0,0,,
273,8.70245,81.13233,2026-09-05 08:13:00,1,OTHER_ANOMALY,Weak / one-off detection: no baseline,,3.03,0,0.0,0.0,0.0,0.0,0.0,False,,335.37,303.9,31.470000000000027,0,0,0,0,0,,
1075,21.23763,94.84933,2026-09-07 07:39:00,2,NEW_ABNORMAL_EVENT,No historical thermal baseline for this cell and FRP is high (10.7).,,10.69,2,0.0,0.0,0.0,0.0,0.0,False,,367.0,291.67,75.32999999999998,0,0,0,0,0,,
434,23.73798,86.4348,2026-09-05 08:18:00,0,PERSISTENT_SOURCE,"Recurring cell: 21 historical detections across 13 active days (32% of the observed span), FRP in line with its own history.",,3.33,0,21.0,2.818095238095238,6.64,13.0,0.325,True,0.3484743979972211,333.13,290.42,42.70999999999998,0,0,0,0,0,,
272,8.69899,80.28534,2026-09-05 08:13:00,1,OTHER_ANOMALY,"Weak / one-off detection: no baseline, low FIRMS confidence",,2.41,1,0.0,0.0,0.0,0.0,0.0,False,,330.9,301.1,29.799999999999955,0,0,0,0,0,,
145,8.0395,80.61161,2026-09-05 08:13:00,2,NEW_ABNORMAL_EVENT,No historical thermal baseline for this cell and FRP is high (8.8).,,8.79,0,0.0,0.0,0.0,0.0,0.0,False,,348.35,302.2,46.150000000000034,0,0,0,0,0,,
588,23.67692,86.08581,2026-09-05 20:46:00,0,PERSISTENT_SOURCE,"Recurring cell: 23 historical detections across 10 active days (20% of the observed span), FRP in line with its own history.",,1.1,0,23.0,2.267391304347826,7.7,10.0,0.196,True,-0.738832094269234,305.12,277.3,27.819999999999997,1,0,0,0,0,,
284,8.79525,80.56088,2026-09-05 08:13:00,1,OTHER_ANOMALY,Weak / one-off detection: no baseline,,4.55,0,0.0,0.0,0.0,0.0,0.0,False,,338.1,302.86,35.24000000000001,0,0,0,0,0,,
180,8.38724,81.02727,2026-09-05 08:13:00,2,NEW_ABNORMAL_EVENT,No historical thermal baseline for this cell and FRP is high (6.4).,,6.44,0,0.0,0.0,0.0,0.0,0.0,False,,340.75,303.11,37.63999999999999,0,0,0,0,0,,
592,23.68052,86.094,2026-09-05 20:46:00,0,PERSISTENT_SOURCE,"Recurring cell: 23 historical detections across 10 active days (20% of the observed span), FRP in line with its own history.",,0.93,0,23.0,2.267391304347826,7.7,10.0,0.196,True,-0.8464236580901914,301.32,274.43,26.889999999999983,1,0,0,0,0,,
863,21.73018,82.2159,2026-09-06 20:27:00,1,OTHER_ANOMALY,"Weak / one-off detection: low FRP (1.1), thin history (1 detections)",,1.13,0,1.0,2.43,2.43,1.0,1.0,True,,305.94,291.7,14.240000000000007,1,0,0,0,0,,
179,8.3856,81.01615,2026-09-05 08:13:00,2,NEW_ABNORMAL_EVENT,No historical thermal baseline for this cell and FRP is high (6.3).,,6.27,0,0.0,0.0,0.0,0.0,0.0,False,,337.54,303.06,34.48000000000002,0,0,0,0,0,,
517,20.95163,86.04891,2026-09-05 20:46:00,0,PERSISTENT_SOURCE,"Recurring cell: 22 historical detections across 8 active days (16% of the observed span), FRP in line with its own history.",,4.04,0,22.0,2.271818181818182,4.92,8.0,0.163,True,1.7342131132369407,315.49,289.05,26.44,1,0,0,0,0,,
820,19.10314,82.16439,2026-09-06 20:27:00,1,OTHER_ANOMALY,"Weak / one-off detection: low FRP (1.3), thin history (1 detections)",,1.34,0,1.0,2.47,2.47,1.0,1.0,True,,326.72,290.28,36.440000000000055,1,0,0,0,0,,
176,8.3665,80.20679,2026-09-05 08:13:00,2,NEW_ABNORMAL_EVENT,No historical thermal baseline for this cell and FRP is high (7.0).,,6.99,0,0.0,0.0,0.0,0.0,0.0,False,,336.98,303.26,33.72000000000003,0,0,0,0,0,,
583,23.64934,85.43687,2026-09-05 20:46:00,0,PERSISTENT_SOURCE,"Recurring cell: 21 historical detections across 8 active days (20% of the observed span), FRP in line with its own history.",,0.32,0,21.0,2.059047619047619,5.48,8.0,0.2,True,-1.1813595974980915,299.05,271.74,27.31,1,0,0,0,0,,
817,19.09155,82.1703,2026-09-06 20:27:00,1,OTHER_ANOMALY,"Weak / one-off detection: low FRP (1.0), thin history (2 detections)",,1.04,0,2.0,1.215,1.22,1.0,1.0,True,-24.74873734152884,309.99,290.52,19.470000000000027,1,0,0,0,0,,
172,8.2587,80.32465,2026-09-05 08:13:00,2,NEW_ABNORMAL_EVENT,No historical thermal baseline for this cell and FRP is high (5.9).,,5.93,0,0.0,0.0,0.0,0.0,0.0,False,,348.78,304.4,44.38,0,0,0,0,0,,
582,23.64866,85.44,2026-09-05 20:46:00,0,PERSISTENT_SOURCE,"Recurring cell: 21 historical detections across 8 active days (20% of the observed span), FRP in line with its own history.",,0.32,0,21.0,2.059047619047619,5.48,8.0,0.2,True,-1.1813595974980915,299.87,274.08,25.79000000000002,1,0,0,0,0,,
816,18.72028,79.507,2026-09-06 20:27:00,1,OTHER_ANOMALY,Weak / one-off detection: no baseline,,2.51,0,0.0,0.0,0.0,0.0,0.0,False,,323.64,293.83,29.81,1,0,0,0,0,,
780,20.53382,85.9104,2026-09-06 07:58:00,2,NEW_ABNORMAL_EVENT,No historical thermal baseline for this cell and FRP is high (7.0).,,7.0,0,0.0,0.0,0.0,0.0,0.0,False,,336.89,292.52,44.370000000000005,0,0,0,0,0,,
